<schema>
    <!-- Metadata -->
    <meta>
        <!-- Supported driver types -->
        <drivers>
            <driver>mysql</driver>
            <driver>mysqli</driver>
            <driver>pdomysql</driver>
        </drivers>
    </meta>

    <!-- SQL commands to run on installation and update -->
    <sql>
        <action table="#__akeebasubs_levels" canfail="0">
            <condition type="missing" value="" />
            <query><![CDATA[
CREATE TABLE `#__akeebasubs_levels` (
	`akeebasubs_level_id` bigint(20) unsigned NOT NULL auto_increment,
	`title` varchar(255) NOT NULL,
	`slug` varchar(255) NOT NULL,
	`image` varchar(1024) NOT NULL,
	`description` text,
	`duration` INT(10) UNSIGNED NOT NULL DEFAULT 365,
	`price` FLOAT NOT NULL DEFAULT '0',
	`signupfee` FLOAT NULL DEFAULT '0',
	`ordertext` text,
    `orderurl` VARCHAR( 255 ) NULL,
	`canceltext` text,
    `cancelurl` VARCHAR( 255 ) NULL,
	`only_once` TINYINT(3) NOT NULL DEFAULT 0,
	`recurring` TINYINT(3) NOT NULL DEFAULT 0,
	`forever` TINYINT(3) NOT NULL DEFAULT 0,
	`akeebasubs_levelgroup_id` BIGINT(20) UNSIGNED NULL,
	`access` int(11) NOT NULL DEFAULT '1',
	`fixed_date` DATETIME NULL,
	`payment_plugins` VARCHAR(2096) NOT NULL DEFAULT '',
	`renew_url` VARCHAR(2048) NULL DEFAULT '',
	`content_url` VARCHAR(2048) NULL DEFAULT '',
	`params` TEXT,

	`enabled` tinyint(1) NOT NULL DEFAULT '1',
	`ordering` bigint(20) unsigned NOT NULL,
	`created_on` datetime NOT NULL default '0000-00-00 00:00:00',
	`created_by` int(11) NOT NULL DEFAULT 0,
	`modified_on` datetime NOT NULL DEFAULT '0000-00-00 00:00:00',
	`modified_by` int(11) NOT NULL DEFAULT 0,
	`locked_on` datetime NOT NULL DEFAULT '0000-00-00 00:00:00',
	`locked_by` int(11) NOT NULL DEFAULT 0,
	`notify1` int(10) unsigned NOT NULL DEFAULT '30',
	`notify2` int(10) unsigned NOT NULL DEFAULT '15',
	`notifyafter` int(10) unsigned NOT NULL DEFAULT '0',
  PRIMARY KEY ( `akeebasubs_level_id` ),
  UNIQUE KEY `slug` (`slug`(100))
) DEFAULT COLLATE utf8_general_ci;
            ]]></query>
        </action>

        <action table="#__akeebasubs_subscriptions" canfail="0">
            <condition type="missing" value="" />
            <query><![CDATA[
CREATE TABLE `#__akeebasubs_subscriptions` (
	`akeebasubs_subscription_id` bigint(20) unsigned NOT NULL auto_increment,
	`user_id` bigint(20) unsigned NOT NULL,
	`akeebasubs_level_id` bigint(20) unsigned NOT NULL,
	`publish_up` datetime NOT NULL DEFAULT '0000-00-00 00:00:00',
	`publish_down` datetime NOT NULL DEFAULT '0000-00-00 00:00:00',
	`notes` TEXT,
	`enabled` tinyint(1) NOT NULL DEFAULT '1',

	`processor` varchar(255) NOT NULL,
	`processor_key` varchar(255) NOT NULL,
	`state` ENUM('N','P','C','X') not null default 'X',
	`net_amount` FLOAT NOT NULL,
	`tax_amount` FLOAT NOT NULL,
	`gross_amount` FLOAT NOT NULL,
	`recurring_amount` FLOAT NULL DEFAULT '0',
	`tax_percent` FLOAT DEFAULT NULL,
	`created_on` datetime NOT NULL default '0000-00-00 00:00:00',
	`params` TEXT,
	`ip` VARCHAR(255),
	`ip_country` VARCHAR(255),

	`akeebasubs_coupon_id` BIGINT(20) NULL,
	`akeebasubs_upgrade_id` BIGINT(20) NULL,
	`akeebasubs_affiliate_id` BIGINT(20) NULL,
	`affiliate_comission` FLOAT NOT NULL DEFAULT 0,
	`akeebasubs_invoice_id` BIGINT(20) NULL,
	`prediscount_amount` FLOAT NULL,
	`discount_amount` FLOAT NOT NULL DEFAULT '0',

	`contact_flag` tinyint(1) NOT NULL DEFAULT '0',
	`first_contact` datetime NOT NULL DEFAULT '0000-00-00 00:00:00',
	`second_contact` datetime NOT NULL DEFAULT '0000-00-00 00:00:00',
	`after_contact` datetime NOT NULL DEFAULT '0000-00-00 00:00:00',
	PRIMARY KEY ( `akeebasubs_subscription_id` )
) DEFAULT COLLATE utf8_general_ci;
            ]]></query>
        </action>

        <action table="#__akeebasubs_taxrules" canfail="0">
            <condition type="missing" value="" />
            <query><![CDATA[
CREATE TABLE `#__akeebasubs_taxrules` (
	`akeebasubs_taxrule_id` bigint(20) unsigned NOT NULL auto_increment,
	`country` CHAR(2) NOT NULL DEFAULT 'US',
	`state` VARCHAR(100) NULL,
	`city` VARCHAR(100) NULL,
	`vies` TINYINT(1) NOT NULL DEFAULT '1',
	`taxrate` FLOAT NOT NULL DEFAULT '23.0',
	`akeebasubs_level_id` BIGINT(20) NOT NULL DEFAULT '0',

	`enabled` tinyint(1) NOT NULL DEFAULT '1',
	`ordering` bigint(20) unsigned NOT NULL,
	`created_on` datetime NOT NULL default '0000-00-00 00:00:00',
	`created_by` int(11) NOT NULL DEFAULT 0,
	`modified_on` datetime NOT NULL DEFAULT '0000-00-00 00:00:00',
	`modified_by` int(11) NOT NULL DEFAULT 0,
	`locked_on` datetime NOT NULL DEFAULT '0000-00-00 00:00:00',
	`locked_by` int(11) NOT NULL DEFAULT 0,
	PRIMARY KEY ( `akeebasubs_taxrule_id` )
) DEFAULT COLLATE utf8_general_ci;
            ]]></query>
        </action>

        <action table="#__akeebasubs_coupons" canfail="0">
            <condition type="missing" value="" />
            <query><![CDATA[
CREATE TABLE `#__akeebasubs_coupons` (
    `akeebasubs_coupon_id` bigint(20) unsigned NOT NULL auto_increment,
    `akeebasubs_apicoupon_id` INT NOT NULL,
    `title` varchar(255) NOT NULL,
	`coupon` varchar(255) NOT NULL,
	`publish_up` datetime NOT NULL DEFAULT '0000-00-00 00:00:00',
	`publish_down` datetime NOT NULL DEFAULT '0000-00-00 00:00:00',
	`subscriptions` VARCHAR(255) NULL,
	`user` int(10) DEFAULT NULL,
    `email` VARCHAR( 255 ) NULL,
	`params` TEXT,
	`hitslimit` BIGINT(20) unsigned NULL,
	`userhits` BIGINT(20) unsigned NULL,
	`usergroups` VARCHAR(255) NULL,
	`type` ENUM('value','percent','lastpercent') NOT NULL DEFAULT 'value',
	`value` FLOAT NOT NULL DEFAULT 0.0,

	`enabled` tinyint(1) NOT NULL DEFAULT '1',
	`ordering` bigint(20) unsigned NOT NULL,
	`created_on` datetime NOT NULL default '0000-00-00 00:00:00',
	`created_by` int(11) NOT NULL DEFAULT 0,
	`modified_on` datetime NOT NULL DEFAULT '0000-00-00 00:00:00',
	`modified_by` int(11) NOT NULL DEFAULT 0,
	`locked_on` datetime NOT NULL DEFAULT '0000-00-00 00:00:00',
	`locked_by` int(11) NOT NULL DEFAULT 0,
	`hits` BIGINT(20) unsigned NOT NULL default 0,
	PRIMARY KEY ( `akeebasubs_coupon_id` ),
	UNIQUE KEY `coupon` (`coupon`(100))
) DEFAULT COLLATE utf8_general_ci;
            ]]></query>
        </action>

        <action table="#__akeebasubs_apicoupons" canfail="0">
            <condition type="missing" value="" />
            <query><![CDATA[
CREATE TABLE `#__akeebasubs_apicoupons` (
  `akeebasubs_apicoupon_id` int(11) NOT NULL AUTO_INCREMENT,
  `title` varchar(30) NOT NULL,
  `key` varchar(32) NOT NULL,
  `password` varchar(32) NOT NULL,
  `enabled` tinyint(1) NOT NULL,
  `creation_limit` int(11) NOT NULL,
  `subscriptions` varchar(255) NOT NULL,
  `subscription_limit` int(11) NOT NULL,
  `type` enum('value','percent') NOT NULL DEFAULT 'value',
  `value` float NOT NULL DEFAULT '0',
  `value_limit` INT NOT NULL,
  PRIMARY KEY (`akeebasubs_apicoupon_id`)
) DEFAULT COLLATE utf8_general_ci;
            ]]></query>
        </action>

        <action table="#__akeebasubs_upgrades" canfail="0">
            <condition type="missing" value="" />
            <query><![CDATA[
CREATE TABLE `#__akeebasubs_upgrades` (
	`akeebasubs_upgrade_id` bigint(20) unsigned NOT NULL auto_increment,
	`title` varchar(255) NOT NULL,
	`from_id` bigint(20) unsigned NOT NULL,
	`to_id` bigint(20) unsigned NOT NULL,
	`min_presence` int(5) unsigned NOT NULL,
	`max_presence` int(5) unsigned NOT NULL,
	`type` ENUM('value','percent', 'lastpercent') NOT NULL DEFAULT 'value',
	`value` FLOAT NOT NULL DEFAULT '0.0',
	`combine` tinyint(1) NOT NULL DEFAULT '0',
    `expired` tinyint(1) NOT NULL DEFAULT '0',
	`enabled` tinyint(1) NOT NULL DEFAULT '1',
	`ordering` bigint(20) unsigned NOT NULL,
	`created_on` datetime NOT NULL default '0000-00-00 00:00:00',
	`created_by` int(11) NOT NULL DEFAULT 0,
	`modified_on` datetime NOT NULL DEFAULT '0000-00-00 00:00:00',
	`modified_by` int(11) NOT NULL DEFAULT 0,
	`locked_on` datetime NOT NULL DEFAULT '0000-00-00 00:00:00',
	`locked_by` int(11) NOT NULL DEFAULT 0,
	`hits` BIGINT(20) unsigned NOT NULL default '0',
	PRIMARY KEY ( `akeebasubs_upgrade_id` )
) DEFAULT COLLATE utf8_general_ci;
            ]]></query>
        </action>

        <action table="#__akeebasubs_users" canfail="0">
            <condition type="missing" value="" />
            <query><![CDATA[
CREATE TABLE `#__akeebasubs_users` (
	`akeebasubs_user_id` bigint(20) unsigned NOT NULL auto_increment,
	`user_id` bigint(20) unsigned NOT NULL,
	`isbusiness` TINYINT(1) NOT NULL DEFAULT '0',
	`businessname` VARCHAR(255) NULL,
	`occupation` VARCHAR(255) NULL,
	`vatnumber` VARCHAR(255) NULL,
	`viesregistered` TINYINT(1) NOT NULL DEFAULT '0',
	`taxauthority` VARCHAR(255) NULL,
	`address1` VARCHAR(255) NULL,
	`address2` VARCHAR(255) NULL,
	`city` VARCHAR(255) NULL,
	`state` VARCHAR(255) NULL,
	`zip` VARCHAR(255) NULL,
	`country` CHAR(2) NOT NULL DEFAULT 'XX',
	`params` TEXT,
	`notes` TEXT,
    `needs_logout` TINYINT NOT NULL DEFAULT '0',
	PRIMARY KEY ( `akeebasubs_user_id` ),
	UNIQUE KEY `joomlauser` (`user_id`)
) DEFAULT COLLATE utf8_general_ci;
            ]]></query>
        </action>

        <action table="#__akeebasubs_configurations" canfail="0">
            <condition type="missing" value="" />
            <query><![CDATA[
CREATE TABLE `#__akeebasubs_configurations` (
	`akeebasubs_configuration_id` BIGINT(20) UNSIGNED NOT NULL AUTO_INCREMENT,
	`params` TEXT COMMENT '@Filter("json")',
	PRIMARY KEY (`akeebasubs_configuration_id`)
) DEFAULT COLLATE utf8_general_ci;
            ]]></query>
        </action>

        <action table="#__akeebasubs_invoices" canfail="0">
            <condition type="missing" value="" />
            <query><![CDATA[
CREATE TABLE `#__akeebasubs_invoices` (
	`akeebasubs_subscription_id` BIGINT(20) UNSIGNED NOT NULL,
	`extension` VARCHAR(50) NOT NULL DEFAULT "misc",
	`akeebasubs_invoicetemplate_id` BIGINT(20) NOT NULL DEFAULT 0,
	`invoice_no` BIGINT(20) unsigned NOT NULL,
	`display_number` VARCHAR(255) NULL,
	`invoice_date` datetime NOT NULL DEFAULT '0000-00-00 00:00:00',
	`html` LONGTEXT,
	`atxt` LONGTEXT,
	`btxt` LONGTEXT,
	`filename` VARCHAR(255) NULL,
	`sent_on` DATETIME NULL,

	`enabled` tinyint(1) NOT NULL DEFAULT '1',
	`created_on` datetime NOT NULL default '0000-00-00 00:00:00',
	`created_by` int(11) NOT NULL DEFAULT 0,
	`modified_on` datetime NOT NULL DEFAULT '0000-00-00 00:00:00',
	`modified_by` int(11) NOT NULL DEFAULT 0,
	`locked_on` datetime NOT NULL DEFAULT '0000-00-00 00:00:00',
	`locked_by` int(11) NOT NULL DEFAULT 0,
	PRIMARY KEY (`akeebasubs_subscription_id`)
) DEFAULT COLLATE utf8_general_ci;
            ]]></query>
        </action>

        <action table="#__akeebasubs_levelgroups" canfail="0">
            <condition type="missing" value="" />
            <query><![CDATA[
CREATE TABLE `#__akeebasubs_levelgroups` (
	`akeebasubs_levelgroup_id` bigint(20) NOT NULL AUTO_INCREMENT,
	`title` VARCHAR(255) NOT NULL,

	`enabled` tinyint(1) NOT NULL DEFAULT '1',
	`created_on` datetime NOT NULL default '0000-00-00 00:00:00',
	`created_by` int(11) NOT NULL DEFAULT 0,
	`modified_on` datetime NOT NULL DEFAULT '0000-00-00 00:00:00',
	`modified_by` int(11) NOT NULL DEFAULT 0,
	`locked_on` datetime NOT NULL DEFAULT '0000-00-00 00:00:00',
	`locked_by` int(11) NOT NULL DEFAULT 0,

	PRIMARY KEY (`akeebasubs_levelgroup_id`)
) DEFAULT COLLATE utf8_general_ci;
            ]]></query>
        </action>

        <action table="#__akeebasubs_invoicetemplates" canfail="0">
            <condition type="missing" value="" />
            <query><![CDATA[
CREATE TABLE `#__akeebasubs_invoicetemplates` (
	`akeebasubs_invoicetemplate_id` bigint(20) NOT NULL AUTO_INCREMENT,
	`title` VARCHAR(255) NOT NULL,
	`template` TEXT,
	`levels` VARCHAR(255) NOT NULL DEFAULT '0',
	`globalformat` tinyint(3) NOT NULL DEFAULT '1',
	`globalnumbering` tinyint(3) NOT NULL DEFAULT '1',
	`number_reset` bigint(20) NOT NULL DEFAULT '0',
	`country` varchar(3) NOT NULL DEFAULT '',
	`format` varchar(100) NOT NULL DEFAULT '',
	`isbusiness` tinyint(3) NOT NULL DEFAULT '-1',

	`enabled` tinyint(1) NOT NULL DEFAULT '1',
	`ordering` bigint(20) unsigned NOT NULL,
	`noinvoice` TINYINT NOT NULL DEFAULT '0',
	`created_on` datetime NOT NULL default '0000-00-00 00:00:00',
	`created_by` int(11) NOT NULL DEFAULT 0,
	`modified_on` datetime NOT NULL DEFAULT '0000-00-00 00:00:00',
	`modified_by` int(11) NOT NULL DEFAULT 0,
	`locked_on` datetime NOT NULL DEFAULT '0000-00-00 00:00:00',
	`locked_by` int(11) NOT NULL DEFAULT 0,

	PRIMARY KEY (`akeebasubs_invoicetemplate_id`)
) DEFAULT COLLATE utf8_general_ci;
            ]]></query>
        </action>

        <action table="#__akeebasubs_customfields" canfail="1">
            <condition type="missing" operator="not" value="" />
            <query><![CDATA[
DROP TABLE IF EXISTS `#__akeebasubs_customfields`;
            ]]></query>
        </action>

        <action table="#__akeebasubs_states" canfail="0">
            <condition type="missing" value="" />
            <query><![CDATA[
CREATE TABLE `#__akeebasubs_states` (
    `akeebasubs_state_id` bigint(20) unsigned NOT NULL AUTO_INCREMENT,
    `country` char(2) NOT NULL DEFAULT 'US',
    `state` varchar(10) NOT NULL DEFAULT '',
    `label` varchar(255) NOT NULL DEFAULT '',
    `enabled` tinyint(3) NOT NULL DEFAULT '0',
    `created_on` datetime NOT NULL DEFAULT '0000-00-00 00:00:00',
    `created_by` int(11) NOT NULL DEFAULT '0',
    `modified_on` datetime NOT NULL DEFAULT '0000-00-00 00:00:00',
    `modified_by` int(11) NOT NULL DEFAULT '0',
    `locked_on` datetime NOT NULL DEFAULT '0000-00-00 00:00:00',
    `locked_by` int(11) NOT NULL DEFAULT '0',
    PRIMARY KEY (`akeebasubs_state_id`),
    UNIQUE KEY `akeebasubs_state_unique` (`state`)
) DEFAULT COLLATE utf8_general_ci;
            ]]></query>
        </action>

        <action table="#__akeebasubs_relations" canfail="0">
            <condition type="missing" value="" />
            <query><![CDATA[
CREATE TABLE `#__akeebasubs_relations` (
    `akeebasubs_relation_id` bigint(20) unsigned NOT NULL AUTO_INCREMENT,
    `source_level_id` BIGINT(20) NOT NULL DEFAULT 0,
    `target_level_id` BIGINT(20) NOT NULL DEFAULT 0,
    `mode` ENUM('rules','fixed','flexi') NOT NULL DEFAULT 'flexi',
    `type` ENUM('percent','value') NOT NULL DEFAULT 'percent',
    `amount` FLOAT NOT NULL DEFAULT 0.0,
    `low_threshold` INTEGER NOT NULL DEFAULT 0,
    `low_amount` FLOAT NOT NULL DEFAULT 0.0,
    `high_threshold` INTEGER NOT NULL DEFAULT 0,
    `high_amount` FLOAT NOT NULL DEFAULT 0.0,
    `flex_amount` FLOAT NOT NULL DEFAULT 0.0,
    `flex_period` INTEGER NOT NULL DEFAULT 0,
    `flex_uom` ENUM('d','w','m','y') NOT NULL DEFAULT 'd',
    `flex_timecalculation` ENUM('current','future') NOT NULL DEFAULT 'current',
    `time_rounding` ENUM('floor','ceil','round') NOT NULL DEFAULT 'round',
    `expiration` ENUM('replace','after','overlap') NOT NULL DEFAULT 'replace',
    `combine` tinyint(3) NOT NULL DEFAULT '0',
    `enabled` tinyint(3) NOT NULL DEFAULT '0',
    `ordering` bigint(20) unsigned NOT NULL,
    `created_on` datetime NOT NULL DEFAULT '0000-00-00 00:00:00',
    `created_by` int(11) NOT NULL DEFAULT '0',
    `modified_on` datetime NOT NULL DEFAULT '0000-00-00 00:00:00',
    `modified_by` int(11) NOT NULL DEFAULT '0',
    `locked_on` datetime NOT NULL DEFAULT '0000-00-00 00:00:00',
    `locked_by` int(11) NOT NULL DEFAULT '0',
    PRIMARY KEY (`akeebasubs_relation_id`),
    UNIQUE KEY `akeebasubs_relation_unique` (`source_level_id`,`target_level_id`),
    KEY `akeebasubs_relations_target` (`target_level_id`)
) DEFAULT COLLATE utf8_general_ci;
            ]]></query>
        </action>

        <action table="#__akeebasubs_emailtemplates" canfail="0">
            <condition type="missing" value="" />
            <query><![CDATA[
CREATE TABLE `#__akeebasubs_emailtemplates` (
    `akeebasubs_emailtemplate_id` bigint(20) unsigned NOT NULL AUTO_INCREMENT,
    `key` varchar(255) NOT NULL DEFAULT '',
    `subscription_level_id` bigint(20) DEFAULT '0',
    `subject` varchar(255) NOT NULL DEFAULT '',
    `body` text,
    `language` varchar(10) NOT NULL DEFAULT '*',
    `enabled` tinyint(4) NOT NULL DEFAULT '1',
    `ordering` bigint(20) NOT NULL DEFAULT '0',
    `created_on` datetime NOT NULL DEFAULT '0000-00-00 00:00:00',
    `created_by` bigint(20) NOT NULL DEFAULT '0',
    `modified_on` datetime NOT NULL DEFAULT '0000-00-00 00:00:00',
    `modified_by` bigint(20) NOT NULL DEFAULT '0',
    `locked_on` datetime NOT NULL DEFAULT '0000-00-00 00:00:00',
    `locked_by` bigint(20) NOT NULL DEFAULT '0',
    PRIMARY KEY (`akeebasubs_emailtemplate_id`)
) DEFAULT COLLATE utf8_general_ci;
            ]]></query>
        </action>

        <action table="#__akeebasubs_blockrules" canfail="0">
            <condition type="missing" value="" />
            <query><![CDATA[
CREATE TABLE `#__akeebasubs_blockrules` (
	`akeebasubs_blockrule_id` BIGINT(20) UNSIGNED NOT NULL AUTO_INCREMENT,
	`username` VARCHAR(255) NOT NULL DEFAULT '',
	`name` VARCHAR(255) NOT NULL DEFAULT '',
	`email` VARCHAR(255) NOT NULL DEFAULT '',
	`iprange` VARCHAR(255) NOT NULL DEFAULT '',

	`enabled` tinyint(4) NOT NULL DEFAULT '1',
	`created_on` datetime NOT NULL DEFAULT '0000-00-00 00:00:00',
	`created_by` bigint(20) NOT NULL DEFAULT '0',
	`modified_on` datetime NOT NULL DEFAULT '0000-00-00 00:00:00',
	`modified_by` bigint(20) NOT NULL DEFAULT '0',
	`locked_on` datetime NOT NULL DEFAULT '0000-00-00 00:00:00',
	`locked_by` bigint(20) NOT NULL DEFAULT '0',

	PRIMARY KEY (`akeebasubs_blockrule_id`)
) DEFAULT COLLATE utf8_general_ci;
            ]]></query>
        </action>

        <action table="#__akeebasubs_invoicetemplates" canfail="1">
            <condition type="equals" operator="not" value="1"><![CDATA[
SELECT COUNT(*) FROM `#__akeebasubs_invoicetemplates` WHERE `akeebasubs_invoicetemplate_id` = 1;
            ]]></condition>
            <query><![CDATA[
REPLACE INTO `#__akeebasubs_invoicetemplates` (`akeebasubs_invoicetemplate_id`, `title`, `template`, `levels`, `enabled`, `ordering`, `created_on`, `created_by`, `modified_on`, `modified_by`, `locked_on`, `locked_by`)
VALUES
	(1, 'Sample invoice', '<table style=\"width: 100%;\" border=\"0\" cellspacing=\"0\" cellpadding=\"2\">\r\n<tbody>\r\n<tr>\r\n<td align=\"left\" width=\"100%\">\r\n<table style=\"width: 100%;\" border=\"0\" cellspacing=\"0\" cellpadding=\"2\">\r\n<tbody>\r\n<tr>\r\n<td width=\"100%\">\r\n<table style=\"width: 100%;\" border=\"0\" cellspacing=\"0\" cellpadding=\"2\">\r\n<tbody>\r\n<tr>\r\n<td align=\"left\" valign=\"top\" width=\"50%\">\r\n<p style=\"font-size: 12pt; font-family: arial, helvetica, sans-serif; font-weight: bold;\">Your Company Name</p>\r\n<p style=\"font-family: arial, helvetica, sans-serif;\">Someplace Drive 123,<br /> 12345 Somewhere,<br /> Country</p>\r\n<p style=\"font-family: arial, helvetica, sans-serif;\">VAT Number: XX012345678<br /> Tel: +00 123 456 7890</p>\r\n</td>\r\n<td align=\"center\" valign=\"middle\" width=\"50%\">Your logo goes here</td>\r\n</tr>\r\n<tr>\r\n<td colspan=\"2\" align=\"left\" width=\"100%\">\r\n<table style=\"width: 100%;\" border=\"0\" cellspacing=\"0\" cellpadding=\"2\">\r\n<tbody>\r\n<tr>\r\n<td align=\"left\" valign=\"top\" width=\"50%\">\r\n<table style=\"width: 100%;\" border=\"0\" cellspacing=\"0\" cellpadding=\"2\">\r\n<tbody>\r\n<tr>\r\n<td style=\"background-color: #d6d6d6;\" colspan=\"2\" align=\"left\">\r\n<h4 style=\"margin: 0px;\"><span style=\"font-family: arial, helvetica, sans-serif;\">Customer Information</span></h4>\r\n</td>\r\n</tr>\r\n<tr>\r\n<td align=\"left\" width=\"50%\"><strong><span style=\"font-family: arial, helvetica, sans-serif;\">Business name</span></strong></td>\r\n<td align=\"left\"><span style=\"font-family: arial, helvetica, sans-serif;\">[USER:BUSINESSNAME]</span></td>\r\n</tr>\r\n<tr>\r\n<td align=\"left\" width=\"50%\"><strong><span style=\"font-family: arial, helvetica, sans-serif;\">Business activity</span></strong></td>\r\n<td align=\"left\"><span style=\"font-family: arial, helvetica, sans-serif;\">[USER:OCCUPATION]</span></td>\r\n</tr>\r\n<tr>\r\n<td align=\"left\" width=\"50%\"><strong><span style=\"font-family: arial, helvetica, sans-serif;\">VAT Number</span></strong></td>\r\n<td align=\"left\"><span style=\"font-family: arial, helvetica, sans-serif;\">[USER:VATNUMBER]</span></td>\r\n</tr>\r\n<tr>\r\n<td align=\"left\" width=\"50%\"><strong><span style=\"font-family: arial, helvetica, sans-serif;\">Contact Name</span></strong></td>\r\n<td align=\"left\"><span style=\"font-family: arial, helvetica, sans-serif;\">[USER:NAME]</span></td>\r\n</tr>\r\n<tr>\r\n<td align=\"left\" width=\"50%\"><strong><span style=\"font-family: arial, helvetica, sans-serif;\">Email</span></strong></td>\r\n<td align=\"left\"><span style=\"font-family: arial, helvetica, sans-serif;\">[USER:EMAIL]</span></td>\r\n</tr>\r\n<tr>\r\n<td align=\"left\" width=\"50%\"><strong><span style=\"font-family: arial, helvetica, sans-serif;\">Address</span></strong></td>\r\n<td align=\"left\"><span style=\"font-family: arial, helvetica, sans-serif;\">[USER:ADDRESS1]</span></td>\r\n</tr>\r\n<tr>\r\n<td align=\"left\" width=\"50%\"><strong> </strong></td>\r\n<td align=\"left\"><span style=\"font-family: arial, helvetica, sans-serif;\">[USER:ADDRESS2]</span></td>\r\n</tr>\r\n<tr>\r\n<td align=\"left\" width=\"50%\"><strong><span style=\"font-family: arial, helvetica, sans-serif;\">City / State</span></strong></td>\r\n<td align=\"left\"><span style=\"font-family: arial, helvetica, sans-serif;\">[USER:CITY] [USER:STATE_FORMATTED]</span></td>\r\n</tr>\r\n<tr>\r\n<td align=\"left\" width=\"50%\"><strong><span style=\"font-family: arial, helvetica, sans-serif;\">Postal Code</span></strong></td>\r\n<td align=\"left\"><span style=\"font-family: arial, helvetica, sans-serif;\">[USER:ZIP]</span></td>\r\n</tr>\r\n<tr>\r\n<td align=\"left\" width=\"50%\"><strong><span style=\"font-family: arial, helvetica, sans-serif;\">Country</span></strong></td>\r\n<td align=\"left\"><span style=\"font-family: arial, helvetica, sans-serif;\">[USER:COUNTRY]</span></td>\r\n</tr>\r\n</tbody>\r\n</table>\r\n</td>\r\n<td align=\"left\" valign=\"top\" width=\"50%\">\r\n<table style=\"width: 100%;\" border=\"0\" cellspacing=\"0\" cellpadding=\"2\">\r\n<tbody>\r\n<tr>\r\n<td style=\"background-color: #d6d6d6;\" colspan=\"2\" align=\"left\">\r\n<h4 style=\"margin: 0px;\"><span style=\"font-family: arial, helvetica, sans-serif;\">Invoice Information</span></h4>\r\n</td>\r\n</tr>\r\n<tr>\r\n<td align=\"left\" width=\"50%\"><strong><span style=\"font-family: arial, helvetica, sans-serif;\">Invoice Number</span></strong></td>\r\n<td align=\"left\"><span style=\"font-family: arial, helvetica, sans-serif;\">[INV:NUMBER]</span></td>\r\n</tr>\r\n<tr>\r\n<td align=\"left\" width=\"50%\"><strong><span style=\"font-family: arial, helvetica, sans-serif;\">Invoice Date</span></strong></td>\r\n<td align=\"left\"><span style=\"font-family: arial, helvetica, sans-serif;\">[INV:INVOICE_DATE_EU]</span></td>\r\n</tr>\r\n<tr>\r\n<td align=\"left\" width=\"50%\"><strong><span style=\"font-family: arial, helvetica, sans-serif;\"> </span></strong></td>\r\n<td align=\"left\"><span style=\"font-family: arial, helvetica, sans-serif;\"> </span></td>\r\n</tr>\r\n<tr>\r\n<td align=\"left\" width=\"50%\"><strong><span style=\"font-family: arial, helvetica, sans-serif;\">This invoice is <span style=\"color: #008000;\">PAID</span></span></strong></td>\r\n<td align=\"left\"> </td>\r\n</tr>\r\n<tr>\r\n<td align=\"left\" width=\"50%\"><strong> </strong></td>\r\n<td align=\"left\"> </td>\r\n</tr>\r\n<tr>\r\n<td align=\"left\" width=\"50%\"><strong><span style=\"font-family: arial, helvetica, sans-serif;\">Payment method</span></strong></td>\r\n<td align=\"left\"><span style=\"font-family: arial, helvetica, sans-serif;\">[SUB:PROCESSOR]</span></td>\r\n</tr>\r\n<tr>\r\n<td align=\"left\" width=\"50%\"><strong><span style=\"font-family: arial, helvetica, sans-serif;\">Payment ID</span></strong></td>\r\n<td align=\"left\"><span style=\"font-family: arial, helvetica, sans-serif;\">[SUB:PROCESSOR_KEY]</span></td>\r\n</tr>\r\n</tbody>\r\n</table>\r\n</td>\r\n</tr>\r\n</tbody>\r\n</table>\r\n</td>\r\n</tr>\r\n<tr>\r\n<td style=\"background-color: #d6d6d6;\" colspan=\"2\" align=\"left\">\r\n<h4 style=\"margin: 0px;\"><span style=\"font-family: arial, helvetica, sans-serif;\">Order Items</span></h4>\r\n</td>\r\n</tr>\r\n<tr>\r\n<td colspan=\"2\" align=\"left\" width=\"100%\">\r\n<table style=\"width: 100%;\" border=\"0\" cellspacing=\"0\" cellpadding=\"2\">\r\n<tbody>\r\n<tr>\r\n<td style=\"text-align: left;\" align=\"left\" valign=\"top\" width=\"15%\"><strong><span style=\"font-family: arial, helvetica, sans-serif;\">Item ID</span></strong></td>\r\n<td style=\"text-align: left;\" align=\"left\" valign=\"top\" width=\"60%\"><strong><span style=\"font-family: arial, helvetica, sans-serif;\">Description</span></strong></td>\r\n<td style=\"text-align: left;\" align=\"right\" valign=\"top\" width=\"25%\"><strong><span style=\"font-family: arial, helvetica, sans-serif;\">Price</span></strong></td>\r\n</tr>\r\n<tr>\r\n<td style=\"text-align: left;\" align=\"left\" valign=\"top\" width=\"15%\"><span style=\"font-family: arial, helvetica, sans-serif;\">[LEVEL:ID]</span></td>\r\n<td style=\"text-align: left;\" align=\"left\" valign=\"top\" width=\"60%\"><span style=\"font-family: arial, helvetica, sans-serif;\">#[SUB:ID] – \"[LEVEL:TITLE]\" subscription</span></td>\r\n<td style=\"text-align: right;\" align=\"right\" valign=\"top\" width=\"25%\"><span style=\"font-family: arial, helvetica, sans-serif;\">[$] [SUB:PREDISCOUNT_AMOUNT] </span></td>\r\n</tr>\r\n<tr>\r\n<td style=\"text-align: left;\" align=\"left\" valign=\"top\" width=\"15%\"> </td>\r\n<td style=\"text-align: left;\" align=\"left\" valign=\"top\" width=\"60%\"><span style=\"font-family: arial, helvetica, sans-serif;\">Username: [USER:USERNAME] • Your Download ID: [DLID]</span></td>\r\n<td style=\"text-align: right;\" align=\"right\" valign=\"top\" width=\"25%\"> </td>\r\n</tr>\r\n<tr>\r\n<td colspan=\"2\" align=\"right\" valign=\"top\" width=\"75%\"><strong><span style=\"font-family: arial, helvetica, sans-serif;\">Discount :</span></strong></td>\r\n<td style=\"text-align: right;\" align=\"right\" valign=\"top\" width=\"25%\"><span style=\"font-family: arial, helvetica, sans-serif;\">[$] [SUB:DISCOUNT_AMOUNT]</span></td>\r\n</tr>\r\n<tr>\r\n<td colspan=\"2\" align=\"right\" valign=\"top\" width=\"75%\"><strong><span style=\"font-family: arial, helvetica, sans-serif;\">Subtotal :</span></strong></td>\r\n<td style=\"text-align: right;\" align=\"right\" valign=\"top\" width=\"25%\"><span style=\"font-family: arial, helvetica, sans-serif;\">[$] [SUB:NET_AMOUNT]</span></td>\r\n</tr>\r\n<tr>\r\n<td colspan=\"2\" align=\"right\" valign=\"top\" width=\"75%\"><strong><span style=\"font-family: arial, helvetica, sans-serif;\">VAT [SUB:TAX_PERCENT]% :</span></strong></td>\r\n<td style=\"text-align: right;\" align=\"right\" valign=\"top\" width=\"25%\"><span style=\"font-family: arial, helvetica, sans-serif;\">[$] [SUB:TAX_AMOUNT]</span></td>\r\n</tr>\r\n<tr>\r\n<td style=\"background-color: #f5f5f5; text-align: right;\" colspan=\"2\"><strong><span style=\"font-family: arial, helvetica, sans-serif;\">Total Payable Amount :</span></strong></td>\r\n<td style=\"background-color: #f5f5f5; text-align: right;\"><strong><span style=\"font-family: arial, helvetica, sans-serif;\">[$] [SUB:GROSS_AMOUNT] </span></strong></td>\r\n</tr>\r\n</tbody>\r\n</table>\r\n</td>\r\n</tr>\r\n<tr>\r\n<td style=\"background-color: #d6d6d6;\" colspan=\"2\" align=\"left\">\r\n<h4 style=\"margin: 0px;\"><span style=\"font-family: arial, helvetica, sans-serif;\">Invoice Notes</span></h4>\r\n</td>\r\n</tr>\r\n<tr>\r\n<td colspan=\"2\" align=\"left\" width=\"100%\">\r\n<table style=\"width: 100%;\" border=\"0\" cellspacing=\"0\" cellpadding=\"2\">\r\n<tbody>\r\n<tr>\r\n<td>\r\n<p><span><span style=\"font-family: arial, helvetica, sans-serif;\">[VAT_NOTICE]</span></span><span style=\"font-family: arial, helvetica, sans-serif;\"><br /></span></p>\r\n</td>\r\n</tr>\r\n</tbody>\r\n</table>\r\n</td>\r\n</tr>\r\n</tbody>\r\n</table>\r\n</td>\r\n</tr>\r\n</tbody>\r\n</table>\r\n</td>\r\n</tr>\r\n</tbody>\r\n</table>', '0', 1, 0, '2012-06-22 16:48:15', 42, '2013-02-08 16:17:11', 42, '0000-00-00 00:00:00', 0);
            ]]></query>
        </action>

        <action table="#__akeebasubs_states" canfail="1">
            <condition type="equals" operator="not" value="1"><![CDATA[
SELECT COUNT(*) FROM `#__akeebasubs_states` WHERE `akeebasubs_state_id` = 1;
            ]]></condition>
            <query><![CDATA[
REPLACE INTO `#__akeebasubs_states` (`akeebasubs_state_id`, `country`, `state`, `label`, `enabled`, `created_on`, `created_by`, `modified_on`, `modified_by`, `locked_on`, `locked_by`)
VALUES
	(1,'US','AL','Alabama',1,'0000-00-00 00:00:00',0,'0000-00-00 00:00:00',0,'0000-00-00 00:00:00',0),
	(2,'US','AK','Alaska',1,'0000-00-00 00:00:00',0,'0000-00-00 00:00:00',0,'0000-00-00 00:00:00',0),
	(3,'US','AZ','Arizona',1,'0000-00-00 00:00:00',0,'0000-00-00 00:00:00',0,'0000-00-00 00:00:00',0),
	(4,'US','AR','Arkansas',1,'0000-00-00 00:00:00',0,'0000-00-00 00:00:00',0,'0000-00-00 00:00:00',0),
	(5,'US','CA','California',1,'0000-00-00 00:00:00',0,'0000-00-00 00:00:00',0,'0000-00-00 00:00:00',0),
	(6,'US','CO','Colorado',1,'0000-00-00 00:00:00',0,'0000-00-00 00:00:00',0,'0000-00-00 00:00:00',0),
	(7,'US','CT','Connecticut',1,'0000-00-00 00:00:00',0,'0000-00-00 00:00:00',0,'0000-00-00 00:00:00',0),
	(8,'US','DE','Delaware',1,'0000-00-00 00:00:00',0,'0000-00-00 00:00:00',0,'0000-00-00 00:00:00',0),
	(9,'US','DC','District of Columbia',1,'0000-00-00 00:00:00',0,'0000-00-00 00:00:00',0,'0000-00-00 00:00:00',0),
	(10,'US','FL','Florida',1,'0000-00-00 00:00:00',0,'0000-00-00 00:00:00',0,'0000-00-00 00:00:00',0),
	(11,'US','GA','Georgia',1,'0000-00-00 00:00:00',0,'0000-00-00 00:00:00',0,'0000-00-00 00:00:00',0),
	(12,'US','HI','Hawaii',1,'0000-00-00 00:00:00',0,'0000-00-00 00:00:00',0,'0000-00-00 00:00:00',0),
	(13,'US','ID','Idaho',1,'0000-00-00 00:00:00',0,'0000-00-00 00:00:00',0,'0000-00-00 00:00:00',0),
	(14,'US','IL','Illinois',1,'0000-00-00 00:00:00',0,'0000-00-00 00:00:00',0,'0000-00-00 00:00:00',0),
	(15,'US','IN','Indiana',1,'0000-00-00 00:00:00',0,'0000-00-00 00:00:00',0,'0000-00-00 00:00:00',0),
	(16,'US','IA','Iowa',1,'0000-00-00 00:00:00',0,'0000-00-00 00:00:00',0,'0000-00-00 00:00:00',0),
	(17,'US','KS','Kansas',1,'0000-00-00 00:00:00',0,'0000-00-00 00:00:00',0,'0000-00-00 00:00:00',0),
	(18,'US','KY','Kentucky',1,'0000-00-00 00:00:00',0,'0000-00-00 00:00:00',0,'0000-00-00 00:00:00',0),
	(19,'US','LA','Louisiana',1,'0000-00-00 00:00:00',0,'0000-00-00 00:00:00',0,'0000-00-00 00:00:00',0),
	(20,'US','ME','Maine',1,'0000-00-00 00:00:00',0,'0000-00-00 00:00:00',0,'0000-00-00 00:00:00',0),
	(21,'US','MD','Maryland',1,'0000-00-00 00:00:00',0,'0000-00-00 00:00:00',0,'0000-00-00 00:00:00',0),
	(22,'US','MA','Massachusetts',1,'0000-00-00 00:00:00',0,'0000-00-00 00:00:00',0,'0000-00-00 00:00:00',0),
	(23,'US','MI','Michigan',1,'0000-00-00 00:00:00',0,'0000-00-00 00:00:00',0,'0000-00-00 00:00:00',0),
	(24,'US','MN','Minnesota',1,'0000-00-00 00:00:00',0,'0000-00-00 00:00:00',0,'0000-00-00 00:00:00',0),
	(25,'US','MS','Mississippi',1,'0000-00-00 00:00:00',0,'0000-00-00 00:00:00',0,'0000-00-00 00:00:00',0),
	(26,'US','MO','Missouri',1,'0000-00-00 00:00:00',0,'0000-00-00 00:00:00',0,'0000-00-00 00:00:00',0),
	(27,'US','MT','Montana',1,'0000-00-00 00:00:00',0,'0000-00-00 00:00:00',0,'0000-00-00 00:00:00',0),
	(28,'US','NE','Nebraska',1,'0000-00-00 00:00:00',0,'0000-00-00 00:00:00',0,'0000-00-00 00:00:00',0),
	(29,'US','NV','Nevada',1,'0000-00-00 00:00:00',0,'0000-00-00 00:00:00',0,'0000-00-00 00:00:00',0),
	(30,'US','NH','New Hampshire',1,'0000-00-00 00:00:00',0,'0000-00-00 00:00:00',0,'0000-00-00 00:00:00',0),
	(31,'US','NJ','New Jersey',1,'0000-00-00 00:00:00',0,'0000-00-00 00:00:00',0,'0000-00-00 00:00:00',0),
	(32,'US','NM','New Mexico',1,'0000-00-00 00:00:00',0,'0000-00-00 00:00:00',0,'0000-00-00 00:00:00',0),
	(33,'US','NY','New York',1,'0000-00-00 00:00:00',0,'0000-00-00 00:00:00',0,'0000-00-00 00:00:00',0),
	(34,'US','NC','North Carolina',1,'0000-00-00 00:00:00',0,'0000-00-00 00:00:00',0,'0000-00-00 00:00:00',0),
	(35,'US','ND','North Dakota',1,'0000-00-00 00:00:00',0,'0000-00-00 00:00:00',0,'0000-00-00 00:00:00',0),
	(36,'US','OH','Ohio',1,'0000-00-00 00:00:00',0,'0000-00-00 00:00:00',0,'0000-00-00 00:00:00',0),
	(37,'US','OK','Oklahoma',1,'0000-00-00 00:00:00',0,'0000-00-00 00:00:00',0,'0000-00-00 00:00:00',0),
	(38,'US','OR','Oregon',1,'0000-00-00 00:00:00',0,'0000-00-00 00:00:00',0,'0000-00-00 00:00:00',0),
	(39,'US','PA','Pennsylvania',1,'0000-00-00 00:00:00',0,'0000-00-00 00:00:00',0,'0000-00-00 00:00:00',0),
	(40,'US','RI','Rhode Island',1,'0000-00-00 00:00:00',0,'0000-00-00 00:00:00',0,'0000-00-00 00:00:00',0),
	(41,'US','SC','South Carolina',1,'0000-00-00 00:00:00',0,'0000-00-00 00:00:00',0,'0000-00-00 00:00:00',0),
	(42,'US','SD','South Dakota',1,'0000-00-00 00:00:00',0,'0000-00-00 00:00:00',0,'0000-00-00 00:00:00',0),
	(43,'US','TN','Tennessee',1,'0000-00-00 00:00:00',0,'0000-00-00 00:00:00',0,'0000-00-00 00:00:00',0),
	(44,'US','TX','Texas',1,'0000-00-00 00:00:00',0,'0000-00-00 00:00:00',0,'0000-00-00 00:00:00',0),
	(45,'US','UT','Utah',1,'0000-00-00 00:00:00',0,'0000-00-00 00:00:00',0,'0000-00-00 00:00:00',0),
	(46,'US','VT','Vermont',1,'0000-00-00 00:00:00',0,'0000-00-00 00:00:00',0,'0000-00-00 00:00:00',0),
	(47,'US','VA','Virginia',1,'0000-00-00 00:00:00',0,'0000-00-00 00:00:00',0,'0000-00-00 00:00:00',0),
	(48,'US','WA','Washington',1,'0000-00-00 00:00:00',0,'0000-00-00 00:00:00',0,'0000-00-00 00:00:00',0),
	(49,'US','WV','West Virginia',1,'0000-00-00 00:00:00',0,'0000-00-00 00:00:00',0,'0000-00-00 00:00:00',0),
	(50,'US','WI','Wisconsin',1,'0000-00-00 00:00:00',0,'0000-00-00 00:00:00',0,'0000-00-00 00:00:00',0),
	(51,'US','WY','Wyoming',1,'0000-00-00 00:00:00',0,'0000-00-00 00:00:00',0,'0000-00-00 00:00:00',0),
	(52,'CA','AB','Alberta',0,'0000-00-00 00:00:00',0,'0000-00-00 00:00:00',0,'0000-00-00 00:00:00',0),
	(53,'CA','BC','British Columbia',0,'0000-00-00 00:00:00',0,'0000-00-00 00:00:00',0,'0000-00-00 00:00:00',0),
	(54,'CA','MB','Manitoba',0,'0000-00-00 00:00:00',0,'0000-00-00 00:00:00',0,'0000-00-00 00:00:00',0),
	(55,'CA','NB','New Brunswick',0,'0000-00-00 00:00:00',0,'0000-00-00 00:00:00',0,'0000-00-00 00:00:00',0),
	(56,'CA','NL','Newfoundland and Labrador',0,'0000-00-00 00:00:00',0,'0000-00-00 00:00:00',0,'0000-00-00 00:00:00',0),
	(57,'CA','NT','Northwest Territories',0,'0000-00-00 00:00:00',0,'0000-00-00 00:00:00',0,'0000-00-00 00:00:00',0),
	(58,'CA','NS','Nova Scotia',0,'0000-00-00 00:00:00',0,'0000-00-00 00:00:00',0,'0000-00-00 00:00:00',0),
	(59,'CA','NU','Nunavut',0,'0000-00-00 00:00:00',0,'0000-00-00 00:00:00',0,'0000-00-00 00:00:00',0),
	(60,'CA','ON','Ontario',0,'0000-00-00 00:00:00',0,'0000-00-00 00:00:00',0,'0000-00-00 00:00:00',0),
	(61,'CA','PE','Prince Edward Island',0,'0000-00-00 00:00:00',0,'0000-00-00 00:00:00',0,'0000-00-00 00:00:00',0),
	(62,'CA','QC','Quebec',0,'0000-00-00 00:00:00',0,'0000-00-00 00:00:00',0,'0000-00-00 00:00:00',0),
	(63,'CA','SK','Saskatchewan',0,'0000-00-00 00:00:00',0,'0000-00-00 00:00:00',0,'0000-00-00 00:00:00',0),
	(64,'CA','YT','Yukon',0,'0000-00-00 00:00:00',0,'0000-00-00 00:00:00',0,'0000-00-00 00:00:00',0),
	(65,'AU','ACT','Australian Capital Territory',0,'0000-00-00 00:00:00',0,'0000-00-00 00:00:00',0,'0000-00-00 00:00:00',0),
	(66,'AU','NSW','New South Wales',0,'0000-00-00 00:00:00',0,'0000-00-00 00:00:00',0,'0000-00-00 00:00:00',0),
	(67,'AU','AU-NT','Northern Terittory',0,'0000-00-00 00:00:00',0,'0000-00-00 00:00:00',0,'0000-00-00 00:00:00',0),
	(68,'AU','QLD','Queensland',0,'0000-00-00 00:00:00',0,'0000-00-00 00:00:00',0,'0000-00-00 00:00:00',0),
	(69,'AU','AU-SA','South Australia',0,'0000-00-00 00:00:00',0,'0000-00-00 00:00:00',0,'0000-00-00 00:00:00',0),
	(70,'AU','TAS','Tasmania',0,'0000-00-00 00:00:00',0,'0000-00-00 00:00:00',0,'0000-00-00 00:00:00',0),
	(71,'AU','VIC','Victoria',0,'0000-00-00 00:00:00',0,'0000-00-00 00:00:00',0,'0000-00-00 00:00:00',0),
	(72,'AU','AU-WA','Western Australia',0,'0000-00-00 00:00:00',0,'0000-00-00 00:00:00',0,'0000-00-00 00:00:00',0),
	(73,'GR','GR-ATT','Αττική',0,'0000-00-00 00:00:00',0,'0000-00-00 00:00:00',0,'0000-00-00 00:00:00',0),
	(74,'GR','GR-EFV','Εύβοια',0,'0000-00-00 00:00:00',0,'0000-00-00 00:00:00',0,'0000-00-00 00:00:00',0),
	(75,'GR','GR-EVT','Ευρυτανία',0,'0000-00-00 00:00:00',0,'0000-00-00 00:00:00',0,'0000-00-00 00:00:00',0),
	(76,'GR','GR-FOK','Φωκίδα',0,'0000-00-00 00:00:00',0,'0000-00-00 00:00:00',0,'0000-00-00 00:00:00',0),
	(77,'GR','GR-FTH','Φθιώτιδα',0,'0000-00-00 00:00:00',0,'0000-00-00 00:00:00',0,'0000-00-00 00:00:00',0),
	(78,'GR','GR-VIO','Βοιωτία',0,'0000-00-00 00:00:00',0,'0000-00-00 00:00:00',0,'0000-00-00 00:00:00',0),
	(79,'GR','GR-HAL','Χαλκιδική',0,'0000-00-00 00:00:00',0,'0000-00-00 00:00:00',0,'0000-00-00 00:00:00',0),
	(80,'GR','GR-IMA','Ημαθία',0,'0000-00-00 00:00:00',0,'0000-00-00 00:00:00',0,'0000-00-00 00:00:00',0),
	(81,'GR','GR-KIL','Κιλκίς',0,'0000-00-00 00:00:00',0,'0000-00-00 00:00:00',0,'0000-00-00 00:00:00',0),
	(82,'GR','GR-PEL','Πέλλα',0,'0000-00-00 00:00:00',0,'0000-00-00 00:00:00',0,'0000-00-00 00:00:00',0),
	(83,'GR','GR-PIE','Πιερία',0,'0000-00-00 00:00:00',0,'0000-00-00 00:00:00',0,'0000-00-00 00:00:00',0),
	(84,'GR','GR-SER','Σέρρες',0,'0000-00-00 00:00:00',0,'0000-00-00 00:00:00',0,'0000-00-00 00:00:00',0),
	(85,'GR','GR-THE','Θεσσαλονίκη',0,'0000-00-00 00:00:00',0,'0000-00-00 00:00:00',0,'0000-00-00 00:00:00',0),
	(86,'GR','GR-CHA','Χανιά',0,'0000-00-00 00:00:00',0,'0000-00-00 00:00:00',0,'0000-00-00 00:00:00',0),
	(87,'GR','GR-IRA','Ηράκλειο',0,'0000-00-00 00:00:00',0,'0000-00-00 00:00:00',0,'0000-00-00 00:00:00',0),
	(88,'GR','GR-LAS','Λασίθι',0,'0000-00-00 00:00:00',0,'0000-00-00 00:00:00',0,'0000-00-00 00:00:00',0),
	(89,'GR','GR-RET','Ρέθυμνο',0,'0000-00-00 00:00:00',0,'0000-00-00 00:00:00',0,'0000-00-00 00:00:00',0),
	(90,'GR','GR-DRA','Δράμα',0,'0000-00-00 00:00:00',0,'0000-00-00 00:00:00',0,'0000-00-00 00:00:00',0),
	(91,'GR','GR-EVR','Έβρος',0,'0000-00-00 00:00:00',0,'0000-00-00 00:00:00',0,'0000-00-00 00:00:00',0),
	(92,'GR','GR-KAV','Καβάλα',0,'0000-00-00 00:00:00',0,'0000-00-00 00:00:00',0,'0000-00-00 00:00:00',0),
	(93,'GR','GR-ROD','Ροδόπη',0,'0000-00-00 00:00:00',0,'0000-00-00 00:00:00',0,'0000-00-00 00:00:00',0),
	(94,'GR','GR-XAN','Ξάνθη',0,'0000-00-00 00:00:00',0,'0000-00-00 00:00:00',0,'0000-00-00 00:00:00',0),
	(95,'GR','GR-ART','Άρτα',0,'0000-00-00 00:00:00',0,'0000-00-00 00:00:00',0,'0000-00-00 00:00:00',0),
	(96,'GR','GR-IOA','Ιωάννινα',0,'0000-00-00 00:00:00',0,'0000-00-00 00:00:00',0,'0000-00-00 00:00:00',0),
	(97,'GR','GR-PRE','Πρέβεζα',0,'0000-00-00 00:00:00',0,'0000-00-00 00:00:00',0,'0000-00-00 00:00:00',0),
	(98,'GR','GR-THS','Θεσπρωτία',0,'0000-00-00 00:00:00',0,'0000-00-00 00:00:00',0,'0000-00-00 00:00:00',0),
	(99,'GR','GR-KER','Κέρκυρα',0,'0000-00-00 00:00:00',0,'0000-00-00 00:00:00',0,'0000-00-00 00:00:00',0),
	(100,'GR','GR-KEF','Κεφαλληνία',0,'0000-00-00 00:00:00',0,'0000-00-00 00:00:00',0,'0000-00-00 00:00:00',0),
	(101,'GR','GR-LEF','Λευκάδα',0,'0000-00-00 00:00:00',0,'0000-00-00 00:00:00',0,'0000-00-00 00:00:00',0),
	(102,'GR','GR-ZAK','Ζάκυνθος',0,'0000-00-00 00:00:00',0,'0000-00-00 00:00:00',0,'0000-00-00 00:00:00',0),
	(103,'GR','GR-CHI','Χίος',0,'0000-00-00 00:00:00',0,'0000-00-00 00:00:00',0,'0000-00-00 00:00:00',0),
	(104,'GR','GR-LES','Λέσβος',0,'0000-00-00 00:00:00',0,'0000-00-00 00:00:00',0,'0000-00-00 00:00:00',0),
	(105,'GR','GR-SAM','Σάμος',0,'0000-00-00 00:00:00',0,'0000-00-00 00:00:00',0,'0000-00-00 00:00:00',0),
	(106,'GR','GR-ARK','Αρκαδία',0,'0000-00-00 00:00:00',0,'0000-00-00 00:00:00',0,'0000-00-00 00:00:00',0),
	(107,'GR','GR-ARG','Αργολίδα',0,'0000-00-00 00:00:00',0,'0000-00-00 00:00:00',0,'0000-00-00 00:00:00',0),
	(108,'GR','GR-KOR','Κορινθία',0,'0000-00-00 00:00:00',0,'0000-00-00 00:00:00',0,'0000-00-00 00:00:00',0),
	(109,'GR','GR-LAK','Λακωνία',0,'0000-00-00 00:00:00',0,'0000-00-00 00:00:00',0,'0000-00-00 00:00:00',0),
	(110,'GR','GR-MES','Μεσσηνία',0,'0000-00-00 00:00:00',0,'0000-00-00 00:00:00',0,'0000-00-00 00:00:00',0),
	(111,'GR','GR-KYK','Κυκλάδες',0,'0000-00-00 00:00:00',0,'0000-00-00 00:00:00',0,'0000-00-00 00:00:00',0),
	(112,'GR','GR-DOD','Δωδεκάνησα',0,'0000-00-00 00:00:00',0,'0000-00-00 00:00:00',0,'0000-00-00 00:00:00',0),
	(113,'GR','GR-KAR','Καρδίτσα',0,'0000-00-00 00:00:00',0,'0000-00-00 00:00:00',0,'0000-00-00 00:00:00',0),
	(114,'GR','GR-LAR','Λάρισα',0,'0000-00-00 00:00:00',0,'0000-00-00 00:00:00',0,'0000-00-00 00:00:00',0),
	(115,'GR','GR-MAG','Μαγνησία',0,'0000-00-00 00:00:00',0,'0000-00-00 00:00:00',0,'0000-00-00 00:00:00',0),
	(116,'GR','GR-TRI','Τρίκαλα',0,'0000-00-00 00:00:00',0,'0000-00-00 00:00:00',0,'0000-00-00 00:00:00',0),
	(117,'GR','GR-ACH','Αχαΐα',0,'0000-00-00 00:00:00',0,'0000-00-00 00:00:00',0,'0000-00-00 00:00:00',0),
	(118,'GR','GR-AIT','Αιτωλοακαρνανία',0,'0000-00-00 00:00:00',0,'0000-00-00 00:00:00',0,'0000-00-00 00:00:00',0),
	(119,'GR','GR-ILI','Ηλεία',0,'0000-00-00 00:00:00',0,'0000-00-00 00:00:00',0,'0000-00-00 00:00:00',0),
	(120,'GR','GR-FLO','Φλώρινα',0,'0000-00-00 00:00:00',0,'0000-00-00 00:00:00',0,'0000-00-00 00:00:00',0),
	(121,'GR','GR-GRE','Γρεβενά',0,'0000-00-00 00:00:00',0,'0000-00-00 00:00:00',0,'0000-00-00 00:00:00',0),
	(122,'GR','GR-KAS','Καστοριά',0,'0000-00-00 00:00:00',0,'0000-00-00 00:00:00',0,'0000-00-00 00:00:00',0),
	(123,'GR','GR-KOZ','Κοζάνη',0,'0000-00-00 00:00:00',0,'0000-00-00 00:00:00',0,'0000-00-00 00:00:00',0),
	(124,'GR','GR-AGO','Άγιο Όρος',0,'0000-00-00 00:00:00',0,'0000-00-00 00:00:00',0,'0000-00-00 00:00:00',0),
	(125,'DE','DE-BW','Baden-Württemberg',0,'0000-00-00 00:00:00',0,'0000-00-00 00:00:00',0,'0000-00-00 00:00:00',0),
	(126,'DE','DE-BY','Bayern',0,'0000-00-00 00:00:00',0,'0000-00-00 00:00:00',0,'0000-00-00 00:00:00',0),
	(127,'DE','DE-BE','Berlin',0,'0000-00-00 00:00:00',0,'0000-00-00 00:00:00',0,'0000-00-00 00:00:00',0),
	(128,'DE','DE-BB','Brandenburg',0,'0000-00-00 00:00:00',0,'0000-00-00 00:00:00',0,'0000-00-00 00:00:00',0),
	(129,'DE','DE-HB','Freie Hansestadt Bremen',0,'0000-00-00 00:00:00',0,'0000-00-00 00:00:00',0,'0000-00-00 00:00:00',0),
	(130,'DE','DE-HH','Hamburg',0,'0000-00-00 00:00:00',0,'0000-00-00 00:00:00',0,'0000-00-00 00:00:00',0),
	(131,'DE','DE-HE','Hessen',0,'0000-00-00 00:00:00',0,'0000-00-00 00:00:00',0,'0000-00-00 00:00:00',0),
	(132,'DE','DE-MV','Mecklenburg-Vorpommern',0,'0000-00-00 00:00:00',0,'0000-00-00 00:00:00',0,'0000-00-00 00:00:00',0),
	(133,'DE','DE-NI','Niedersachsen',0,'0000-00-00 00:00:00',0,'0000-00-00 00:00:00',0,'0000-00-00 00:00:00',0),
	(134,'DE','DE-NW','Nordrhein-Westfalen',0,'0000-00-00 00:00:00',0,'0000-00-00 00:00:00',0,'0000-00-00 00:00:00',0),
	(135,'DE','DE-RP','Rheinland-Pfalz',0,'0000-00-00 00:00:00',0,'0000-00-00 00:00:00',0,'0000-00-00 00:00:00',0),
	(136,'DE','DE-SL','Saarland',0,'0000-00-00 00:00:00',0,'0000-00-00 00:00:00',0,'0000-00-00 00:00:00',0),
	(137,'DE','DE-SN','Sachsen',0,'0000-00-00 00:00:00',0,'0000-00-00 00:00:00',0,'0000-00-00 00:00:00',0),
	(138,'DE','DE-ST','Sachsen-Anhalt',0,'0000-00-00 00:00:00',0,'0000-00-00 00:00:00',0,'0000-00-00 00:00:00',0),
	(139,'DE','DE-SH','Schleswig-Holstein',0,'0000-00-00 00:00:00',0,'0000-00-00 00:00:00',0,'0000-00-00 00:00:00',0),
	(140,'DE','DE-TH','Thüringen',0,'0000-00-00 00:00:00',0,'0000-00-00 00:00:00',0,'0000-00-00 00:00:00',0),
	(181,'CN','CN-BJ','Beijing Municipality',0,'0000-00-00 00:00:00',0,'0000-00-00 00:00:00',0,'0000-00-00 00:00:00',0),
	(182,'CN','CN-TJ','Tianjin Municipality',0,'0000-00-00 00:00:00',0,'0000-00-00 00:00:00',0,'0000-00-00 00:00:00',0),
	(183,'CN','CN-HE','Hebei Province',0,'0000-00-00 00:00:00',0,'0000-00-00 00:00:00',0,'0000-00-00 00:00:00',0),
	(184,'CN','CN-SX','Shanxi Province',0,'0000-00-00 00:00:00',0,'0000-00-00 00:00:00',0,'0000-00-00 00:00:00',0),
	(185,'CN','CN-NM','Nei Mongol Autonomous Region',0,'0000-00-00 00:00:00',0,'0000-00-00 00:00:00',0,'0000-00-00 00:00:00',0),
	(186,'CN','CN-LN','Liaoning Province',0,'0000-00-00 00:00:00',0,'0000-00-00 00:00:00',0,'0000-00-00 00:00:00',0),
	(187,'CN','CN-JL','Jilin Province',0,'0000-00-00 00:00:00',0,'0000-00-00 00:00:00',0,'0000-00-00 00:00:00',0),
	(188,'CN','CN-HL','Heilongjiang Province',0,'0000-00-00 00:00:00',0,'0000-00-00 00:00:00',0,'0000-00-00 00:00:00',0),
	(189,'CN','CN-SH','Shanghai Municipality',0,'0000-00-00 00:00:00',0,'0000-00-00 00:00:00',0,'0000-00-00 00:00:00',0),
	(190,'CN','CN-JS','Jiangsu Province',0,'0000-00-00 00:00:00',0,'0000-00-00 00:00:00',0,'0000-00-00 00:00:00',0),
	(191,'CN','CN-ZJ','Zhejiang Province',0,'0000-00-00 00:00:00',0,'0000-00-00 00:00:00',0,'0000-00-00 00:00:00',0),
	(192,'CN','CN-AH','Anhui Province',0,'0000-00-00 00:00:00',0,'0000-00-00 00:00:00',0,'0000-00-00 00:00:00',0),
	(193,'CN','CN-FJ','Fujian Province',0,'0000-00-00 00:00:00',0,'0000-00-00 00:00:00',0,'0000-00-00 00:00:00',0),
	(194,'CN','CN-JX','Jiangxi Province',0,'0000-00-00 00:00:00',0,'0000-00-00 00:00:00',0,'0000-00-00 00:00:00',0),
	(195,'CN','CN-SD','Shandong Province',0,'0000-00-00 00:00:00',0,'0000-00-00 00:00:00',0,'0000-00-00 00:00:00',0),
	(196,'CN','CN-HA','Henan Province',0,'0000-00-00 00:00:00',0,'0000-00-00 00:00:00',0,'0000-00-00 00:00:00',0),
	(197,'CN','CN-HB','Hubei Province',0,'0000-00-00 00:00:00',0,'0000-00-00 00:00:00',0,'0000-00-00 00:00:00',0),
	(198,'CN','CN-HN','Hunan Province',0,'0000-00-00 00:00:00',0,'0000-00-00 00:00:00',0,'0000-00-00 00:00:00',0),
	(199,'CN','CN-GD','Guangdong Province',0,'0000-00-00 00:00:00',0,'0000-00-00 00:00:00',0,'0000-00-00 00:00:00',0),
	(200,'CN','CN-GX','Guangxi Zhuang Autonomous Region',0,'0000-00-00 00:00:00',0,'0000-00-00 00:00:00',0,'0000-00-00 00:00:00',0),
	(201,'CN','CN-HI','Hainan Province',0,'0000-00-00 00:00:00',0,'0000-00-00 00:00:00',0,'0000-00-00 00:00:00',0),
	(202,'CN','CN-CQ','Chongqing Municipality',0,'0000-00-00 00:00:00',0,'0000-00-00 00:00:00',0,'0000-00-00 00:00:00',0),
	(203,'CN','CN-SC','Sichuan Province',0,'0000-00-00 00:00:00',0,'0000-00-00 00:00:00',0,'0000-00-00 00:00:00',0),
	(204,'CN','CN-GZ','Guizhou Province',0,'0000-00-00 00:00:00',0,'0000-00-00 00:00:00',0,'0000-00-00 00:00:00',0),
	(205,'CN','CN-YN','Yunnan Province',0,'0000-00-00 00:00:00',0,'0000-00-00 00:00:00',0,'0000-00-00 00:00:00',0),
	(206,'CN','CN-XZ','Xizang Autonomous Region',0,'0000-00-00 00:00:00',0,'0000-00-00 00:00:00',0,'0000-00-00 00:00:00',0),
	(207,'CN','CN-SN','Shaanxi Province',0,'0000-00-00 00:00:00',0,'0000-00-00 00:00:00',0,'0000-00-00 00:00:00',0),
	(208,'CN','CN-GS','Gansu Province',0,'0000-00-00 00:00:00',0,'0000-00-00 00:00:00',0,'0000-00-00 00:00:00',0),
	(209,'CN','CN-QH','Qinghai Province',0,'0000-00-00 00:00:00',0,'0000-00-00 00:00:00',0,'0000-00-00 00:00:00',0),
	(210,'CN','CN-NX','Ningxia Hui Autonomous Region',0,'0000-00-00 00:00:00',0,'0000-00-00 00:00:00',0,'0000-00-00 00:00:00',0),
	(211,'CN','CN-XJ','Xinjiang Uyghur Autonomous Region',0,'0000-00-00 00:00:00',0,'0000-00-00 00:00:00',0,'0000-00-00 00:00:00',0),
	(212,'CN','CN-HK','Xianggang Special Administrative Region',0,'0000-00-00 00:00:00',0,'0000-00-00 00:00:00',0,'0000-00-00 00:00:00',0),
	(213,'CN','CN-MC','Aomen Special Administrative Region',0,'0000-00-00 00:00:00',0,'0000-00-00 00:00:00',0,'0000-00-00 00:00:00',0),
	(214, 'ES', 'ES-VI', 'Álava', 1, '0000-00-00 00:00:00', 0, '0000-00-00 00:00:00', 0, '0000-00-00 00:00:00', 0),
	(215, 'ES', 'ES-AB', 'Albacete', 1, '0000-00-00 00:00:00', 0, '0000-00-00 00:00:00', 0, '0000-00-00 00:00:00', 0),
	(216, 'ES', 'ES-A', 'Alicante', 1, '0000-00-00 00:00:00', 0, '0000-00-00 00:00:00', 0, '0000-00-00 00:00:00', 0),
	(217, 'ES', 'ES-AL', 'Almería', 1, '0000-00-00 00:00:00', 0, '0000-00-00 00:00:00', 0, '0000-00-00 00:00:00', 0),
	(218, 'ES', 'ES-O', 'Asturias', 1, '0000-00-00 00:00:00', 0, '0000-00-00 00:00:00', 0, '0000-00-00 00:00:00', 0),
	(219, 'ES', 'ES-AV', 'Ávila', 1, '0000-00-00 00:00:00', 0, '0000-00-00 00:00:00', 0, '0000-00-00 00:00:00', 0),
	(220, 'ES', 'ES-BA', 'Badajoz', 1, '0000-00-00 00:00:00', 0, '0000-00-00 00:00:00', 0, '0000-00-00 00:00:00', 0),
	(221, 'ES', 'ES-IB', 'Islas Baleares', 1, '0000-00-00 00:00:00', 0, '0000-00-00 00:00:00', 0, '0000-00-00 00:00:00', 0),
	(222, 'ES', 'ES-B', 'Barcelona', 1, '0000-00-00 00:00:00', 0, '0000-00-00 00:00:00', 0, '0000-00-00 00:00:00', 0),
	(223, 'ES', 'ES-BU', 'Burgos', 1, '0000-00-00 00:00:00', 0, '0000-00-00 00:00:00', 0, '0000-00-00 00:00:00', 0),
	(224, 'ES', 'ES-CC', 'Cáceres', 1, '0000-00-00 00:00:00', 0, '0000-00-00 00:00:00', 0, '0000-00-00 00:00:00', 0),
	(225, 'ES', 'ES-CA', 'Cádiz', 1, '0000-00-00 00:00:00', 0, '0000-00-00 00:00:00', 0, '0000-00-00 00:00:00', 0),
	(226, 'ES', 'ES-S', 'Cantabria', 1, '0000-00-00 00:00:00', 0, '0000-00-00 00:00:00', 0, '0000-00-00 00:00:00', 0),
	(227, 'ES', 'ES-CS', 'Castellón', 1, '0000-00-00 00:00:00', 0, '0000-00-00 00:00:00', 0, '0000-00-00 00:00:00', 0),
	(228, 'ES', 'ES-CE', 'Ceuta', 1, '0000-00-00 00:00:00', 0, '0000-00-00 00:00:00', 0, '0000-00-00 00:00:00', 0),
	(229, 'ES', 'ES-CR', 'Ciudad Real', 1, '0000-00-00 00:00:00', 0, '0000-00-00 00:00:00', 0, '0000-00-00 00:00:00', 0),
	(230, 'ES', 'ES-CO', 'Córdoba', 1, '0000-00-00 00:00:00', 0, '0000-00-00 00:00:00', 0, '0000-00-00 00:00:00', 0),
	(231, 'ES', 'ES-CU', 'Cuenca', 1, '0000-00-00 00:00:00', 0, '0000-00-00 00:00:00', 0, '0000-00-00 00:00:00', 0),
	(232, 'ES', 'ES-GI', 'Gerona', 1, '0000-00-00 00:00:00', 0, '0000-00-00 00:00:00', 0, '0000-00-00 00:00:00', 0),
	(233, 'ES', 'ES-GR', 'Granada', 1, '0000-00-00 00:00:00', 0, '0000-00-00 00:00:00', 0, '0000-00-00 00:00:00', 0),
	(234, 'ES', 'ES-GU', 'Guadalajara', 1, '0000-00-00 00:00:00', 0, '0000-00-00 00:00:00', 0, '0000-00-00 00:00:00', 0),
	(235, 'ES', 'ES-SS', 'Guipúzcoa', 1, '0000-00-00 00:00:00', 0, '0000-00-00 00:00:00', 0, '0000-00-00 00:00:00', 0),
	(236, 'ES', 'ES-H', 'Huelva', 1, '0000-00-00 00:00:00', 0, '0000-00-00 00:00:00', 0, '0000-00-00 00:00:00', 0),
	(237, 'ES', 'ES-HU', 'Huesca', 1, '0000-00-00 00:00:00', 0, '0000-00-00 00:00:00', 0, '0000-00-00 00:00:00', 0),
	(238, 'ES', 'ES-J', 'Jaén', 1, '0000-00-00 00:00:00', 0, '0000-00-00 00:00:00', 0, '0000-00-00 00:00:00', 0),
	(239, 'ES', 'ES-C', 'La Coruña', 1, '0000-00-00 00:00:00', 0, '0000-00-00 00:00:00', 0, '0000-00-00 00:00:00', 0),
	(240, 'ES', 'ES-LO', 'La Rioja', 1, '0000-00-00 00:00:00', 0, '0000-00-00 00:00:00', 0, '0000-00-00 00:00:00', 0),
	(241, 'ES', 'ES-GC', 'Las Palmas', 1, '0000-00-00 00:00:00', 0, '0000-00-00 00:00:00', 0, '0000-00-00 00:00:00', 0),
	(242, 'ES', 'ES-LE', 'León', 1, '0000-00-00 00:00:00', 0, '0000-00-00 00:00:00', 0, '0000-00-00 00:00:00', 0),
	(243, 'ES', 'ES-L', 'Lérida', 1, '0000-00-00 00:00:00', 0, '0000-00-00 00:00:00', 0, '0000-00-00 00:00:00', 0),
	(244, 'ES', 'ES-LU', 'Lugo', 1, '0000-00-00 00:00:00', 0, '0000-00-00 00:00:00', 0, '0000-00-00 00:00:00', 0),
	(245, 'ES', 'ES-M', 'Madrid', 1, '0000-00-00 00:00:00', 0, '0000-00-00 00:00:00', 0, '0000-00-00 00:00:00', 0),
	(246, 'ES', 'ES-MA', 'Málaga', 1, '0000-00-00 00:00:00', 0, '0000-00-00 00:00:00', 0, '0000-00-00 00:00:00', 0),
	(247, 'ES', 'ES-ML', 'Melilla', 1, '0000-00-00 00:00:00', 0, '0000-00-00 00:00:00', 0, '0000-00-00 00:00:00', 0),
	(248, 'ES', 'ES-MU', 'Murcia', 1, '0000-00-00 00:00:00', 0, '0000-00-00 00:00:00', 0, '0000-00-00 00:00:00', 0),
	(249, 'ES', 'ES-NA', 'Navarra', 1, '0000-00-00 00:00:00', 0, '0000-00-00 00:00:00', 0, '0000-00-00 00:00:00', 0),
	(250, 'ES', 'ES-OU', 'Orense', 1, '0000-00-00 00:00:00', 0, '0000-00-00 00:00:00', 0, '0000-00-00 00:00:00', 0),
	(251, 'ES', 'ES-P', 'Palencia', 1, '0000-00-00 00:00:00', 0, '0000-00-00 00:00:00', 0, '0000-00-00 00:00:00', 0),
	(252, 'ES', 'ES-PO', 'Pontevedra', 1, '0000-00-00 00:00:00', 0, '0000-00-00 00:00:00', 0, '0000-00-00 00:00:00', 0),
	(253, 'ES', 'ES-SA', 'Salamanca', 1, '0000-00-00 00:00:00', 0, '0000-00-00 00:00:00', 0, '0000-00-00 00:00:00', 0),
	(254, 'ES', 'ES-TF', 'Santa Cruz de Tenerife', 1, '0000-00-00 00:00:00', 0, '0000-00-00 00:00:00', 0, '0000-00-00 00:00:00', 0),
	(255, 'ES', 'ES-SG', 'Segovia', 1, '0000-00-00 00:00:00', 0, '0000-00-00 00:00:00', 0, '0000-00-00 00:00:00', 0),
	(256, 'ES', 'ES-SE', 'Sevilla', 1, '0000-00-00 00:00:00', 0, '0000-00-00 00:00:00', 0, '0000-00-00 00:00:00', 0),
	(257, 'ES', 'ES-SO', 'Soria', 1, '0000-00-00 00:00:00', 0, '0000-00-00 00:00:00', 0, '0000-00-00 00:00:00', 0),
	(258, 'ES', 'ES-T', 'Tarragona', 1, '0000-00-00 00:00:00', 0, '0000-00-00 00:00:00', 0, '0000-00-00 00:00:00', 0),
	(259, 'ES', 'ES-TE', 'Teruel', 1, '0000-00-00 00:00:00', 0, '0000-00-00 00:00:00', 0, '0000-00-00 00:00:00', 0),
	(260, 'ES', 'ES-TO', 'Toledo', 1, '0000-00-00 00:00:00', 0, '0000-00-00 00:00:00', 0, '0000-00-00 00:00:00', 0),
	(261, 'ES', 'ES-V', 'Valencia', 1, '0000-00-00 00:00:00', 0, '0000-00-00 00:00:00', 0, '0000-00-00 00:00:00', 0),
	(262, 'ES', 'ES-VA', 'Valladolid', 1, '0000-00-00 00:00:00', 0, '0000-00-00 00:00:00', 0, '0000-00-00 00:00:00', 0),
	(263, 'ES', 'ES-BI', 'Vizcaya', 1, '0000-00-00 00:00:00', 0, '0000-00-00 00:00:00', 0, '0000-00-00 00:00:00', 0),
	(264, 'ES', 'ES-ZA', 'Zamora', 1, '0000-00-00 00:00:00', 0, '0000-00-00 00:00:00', 0, '0000-00-00 00:00:00', 0),
	(265, 'ES', 'ES-Z', 'Zaragoza', 1, '0000-00-00 00:00:00', 0, '0000-00-00 00:00:00', 0, '0000-00-00 00:00:00', 0);
            ]]></query>
        </action>

        <action table="#__akeebasubs_emailtemplates" canfail="1">
            <condition type="equals" operator="not" value="1"><![CDATA[
SELECT COUNT(*) FROM `#__akeebasubs_emailtemplates` WHERE `akeebasubs_emailtemplate_id` = 1;
            ]]></condition>
            <query><![CDATA[
REPLACE INTO `#__akeebasubs_emailtemplates`
(`akeebasubs_emailtemplate_id`, `key`, `subscription_level_id`, `subject`, `body`, `language`, `enabled`, `ordering`, `created_on`, `created_by`, `modified_on`, `modified_by`, `locked_on`, `locked_by`)
VALUES
	(1, 'subscriptionemails_paid', 0, 'Your [LEVEL] subscription at [SITENAME] is now enabled', '<div style=\"background-color: #e0e0e0; padding: 10px 20px;\">\r\n<div style=\"background-color: #f9f9f9; border-radius: 10px; padding: 5px 10px;\">\r\n<p>Hello [FIRSTNAME],</p>\r\n<p>The payment for your [LEVEL] subscription on our site has just been cleared. Your subscription is now activated and will remain active until [PUBLISH_DOWN] GMT.</p>\r\n<p><span style=\"line-height: 1.3em;\">We\'d like to remind you that you have registered on our site using the username [USERNAME] and email address [USEREMAIL].</span></p>\r\n<p>You can <a href=\"[MYSUBSURL]\">review the status of all your subscriptions</a> any time on our site.</p>\r\n</div>\r\n<p style=\"font-size: x-small; color: #667;\">You are receiving this automatic email message because you have a subscription in <em>[SITENAME]</em>. <span style=\"line-height: 1.3em;\">Do not reply to this email, it\'s sent from an unmonitored email address.</span></p>\r\n</div>', '*', 1, 1, '2013-01-23 00:00:00', 42, '0000-00-00 00:00:00', 0, '0000-00-00 00:00:00', 0),
	(2, 'subscriptionemails_new_active', 0, 'Your new [LEVEL] subscription at [SITENAME]', '<div style=\"background-color: #e0e0e0; padding: 10px 20px;\">\r\n<div style=\"background-color: #f9f9f9; border-radius: 10px; padding: 5px 10px;\">\r\n<p>Hello [FIRSTNAME],</p>\r\n<p>Your new <span style=\"line-height: 1.3em;\">[LEVEL] </span><span style=\"line-height: 1.3em;\">subscription is now activated and will remain active until [PUBLISH_DOWN] GMT.</span></p>\r\n<p><span style=\"line-height: 1.3em;\">We\'d like to remind you that you have registered on our site using the username [USERNAME] and email address [USEREMAIL].</span></p>\r\n<p>You can <a href=\"[MYSUBSURL]\">review the status of all your subscriptions</a> any time on our site.</p>\r\n</div>\r\n<p style=\"font-size: x-small; color: #667;\">You are receiving this automatic email message because you have a subscription in <em>[SITENAME]</em>. <span style=\"line-height: 1.3em;\">Do not reply to this email, it\'s sent from an unmonitored email address.</span></p>\r\n</div>', '*', 1, 2, '2013-01-23 00:00:00', 42, '0000-00-00 00:00:00', 0, '0000-00-00 00:00:00', 0),
	(3, 'subscriptionemails_new_renewal', 0, 'Your [LEVEL] subscription renewal at [SITENAME]', '<div style=\"background-color: #e0e0e0; padding: 10px 20px;\">\r\n<div style=\"background-color: #f9f9f9; border-radius: 10px; padding: 5px 10px;\">\r\n<p>Hello [FIRSTNAME],</p>\r\n<p>Your <span style=\"line-height: 1.3em;\">[LEVEL] </span><span style=\"line-height: 1.3em;\">subscription has been renewed. The renewed subscription will be activated on [PUBLISH_UP] GMT and remain active until [PUBLISH_DOWN] GMT.</span></p>\r\n<p><span style=\"line-height: 1.3em;\">We\'d like to remind you that you have registered on our site using the username [USERNAME] and email address [USEREMAIL].</span></p>\r\n<p>You can <a href=\"[MYSUBSURL]\">review the status of all your subscriptions</a> any time on our site.</p>\r\n</div>\r\n<p style=\"font-size: x-small; color: #667;\">You are receiving this automatic email message because you have a subscription in <em>[SITENAME]</em>. <span style=\"line-height: 1.3em;\">Do not reply to this email, it\'s sent from an unmonitored email address.</span></p>\r\n</div>', '*', 1, 3, '2013-01-23 00:00:00', 42, '0000-00-00 00:00:00', 0, '0000-00-00 00:00:00', 0),
	(4, 'subscriptionemails_new_pending', 0, 'Your new [LEVEL] subscription at [SITENAME] is being processed', '<div style=\"background-color: #e0e0e0; padding: 10px 20px;\">\r\n<div style=\"background-color: #f9f9f9; border-radius: 10px; padding: 5px 10px;\">\r\n<p>Hello [FIRSTNAME],</p>\r\n<p>The payment for your new or renewed <span style=\"line-height: 1.3em;\">[LEVEL] </span><span style=\"line-height: 1.3em;\">subscription is currently being processed. When the payment is cleared we will send you a new email. </span><span style=\"line-height: 1.3em;\">Please note that on some occasions it may take 2 to 7 business days for the payment to be cleared. This time period is outside of our control and is mainly due to restrictions imposed by your bank or the payment processor company.</span></p>\r\n<p><span style=\"line-height: 1.3em;\">We\'d like to remind you that you have registered on our site using the username [USERNAME] and email address [USEREMAIL].</span></p>\r\n<p>You can <a href=\"[MYSUBSURL]\">review the status of all your subscriptions</a> any time on our site.</p>\r\n</div>\r\n<p style=\"font-size: x-small; color: #667;\">You are receiving this automatic email message because you have a subscription in <em>[SITENAME]</em>. <span style=\"line-height: 1.3em;\">Do not reply to this email, it\'s sent from an unmonitored email address.</span></p>\r\n</div>', '*', 1, 4, '2013-01-23 00:00:00', 42, '0000-00-00 00:00:00', 0, '0000-00-00 00:00:00', 0),
	(5, 'subscriptionemails_cancelled_new', 0, 'Your new [LEVEL] subscription at [SITENAME] could not be processed', '<div style=\"background-color: #e0e0e0; padding: 10px 20px;\">\r\n<div style=\"background-color: #f9f9f9; border-radius: 10px; padding: 5px 10px;\">\r\n<p>Hello [FIRSTNAME],</p>\r\n<p>The payment processor declined the payment for your new or renewed <span style=\"line-height: 1.3em;\">[LEVEL] </span><span style=\"line-height: 1.3em;\">subscription</span><span style=\"line-height: 1.3em;\">. Please revisit our site and retry subscribing using the same username and email address. You may want to select a different means of payment, for example a different credit card. We apologise for the inconvenience</span></p>\r\n<p><span style=\"line-height: 1.3em;\">We\'d like to remind you that you have registered on our site using the username [USERNAME] and email address [USEREMAIL].</span></p>\r\n<p>You can <a href=\"[MYSUBSURL]\">review the status of all your subscriptions</a> any time on our site.</p>\r\n</div>\r\n<p style=\"font-size: x-small; color: #667;\">You are receiving this automatic email message because you to tried to subscribe to <em>[SITENAME]</em>. <span style=\"line-height: 1.3em;\">Do not reply to this email, it\'s sent from an unmonitored email address.</span></p>\r\n</div>', '*', 1, 5, '2013-01-23 00:00:00', 42, '0000-00-00 00:00:00', 0, '0000-00-00 00:00:00', 0),
	(6, 'subscriptionemails_cancelled_existing', 0, 'Your [LEVEL] subscription at [SITENAME] was cancelled', '<div style=\"background-color: #e0e0e0; padding: 10px 20px;\">\r\n<div style=\"background-color: #f9f9f9; border-radius: 10px; padding: 5px 10px;\">\r\n<p>Hello [FIRSTNAME],</p>\r\n<p>The payment for your <span style=\"line-height: 1.3em;\">[LEVEL] </span><span style=\"line-height: 1.3em;\">subscription was cancelled by our payment processor or refunded at your request</span><span style=\"line-height: 1.3em;\">.</span></p>\r\n<p><span style=\"line-height: 1.3em;\">If you believe you are receiving this message in error and would like to remain subscribed to our site, please visit our site, log in with your username and password and retry subscribing. You may want to select a different means of payment, for example a different credit card. We apologise for the inconvenience</span></p>\r\n<p><span style=\"line-height: 1.3em;\">We\'d like to remind you that you have registered on our site using the username [USERNAME] and email address [USEREMAIL].</span></p>\r\n<p>You can <a href=\"[MYSUBSURL]\">review the status of all your subscriptions</a> any time on our site.</p>\r\n</div>\r\n<p style=\"font-size: x-small; color: #667;\">You are receiving this automatic email message because you had a subscription at <em>[SITENAME]</em>. Do not reply to this email, it\'s sent from an unmonitored email address.</p>\r\n</div>', '*', 1, 6, '2013-01-23 00:00:00', 42, '0000-00-00 00:00:00', 0, '0000-00-00 00:00:00', 0),
	(7, 'subscriptionemails_expired', 0, 'Your [LEVEL] subscription at [SITENAME] has expired', '<div style=\"background-color: #e0e0e0; padding: 10px 20px;\">\r\n<div style=\"background-color: #f9f9f9; border-radius: 10px; padding: 5px 10px;\">\r\n<p>Hello [FIRSTNAME],</p>\r\n<p>Your <span style=\"line-height: 1.3em;\">[LEVEL] </span><span style=\"line-height: 1.3em;\">subscription on our site has expired</span><span style=\"line-height: 1.3em;\">. If you want to renew it </span><a href=\"[MYSUBSURL]\" style=\"line-height: 1.3em;\">please visit the subscriptions status page on our site</a> and click on the \"Renew\" button to the right of the expired subscription.</p>\r\n<p><span style=\"line-height: 1.3em;\"><span style=\"line-height: 1.3em;\">We\'d like to remind you that you have registered on our site using the username [USERNAME] and email address [USEREMAIL].</span></span></p>\r\n<p>You can <a href=\"[MYSUBSURL]\">review the status of all your subscriptions</a> any time on our site.</p>\r\n</div>\r\n<p style=\"font-size: x-small; color: #667;\">You are receiving this automatic email message because you had a subscription at <em>[SITENAME]</em>. Do not reply to this email, it\'s sent from an unmonitored email address.</p>\r\n</div>', '*', 1, 7, '2013-01-23 00:00:00', 42, '0000-00-00 00:00:00', 0, '0000-00-00 00:00:00', 0),
	(8, 'subscriptionemails_published', 0, 'Your renewed [LEVEL] subscription at [SITENAME] has been activated', '<div style=\"background-color: #e0e0e0; padding: 10px 20px;\">\r\n<div style=\"background-color: #f9f9f9; border-radius: 10px; padding: 5px 10px;\">\r\n<p>Hello [FIRSTNAME],</p>\r\n<p>Your <span style=\"line-height: 1.3em;\">[LEVEL] </span><span style=\"line-height: 1.3em;\">subscription renewal on our site has been activated</span><span style=\"line-height: 1.3em;\">. It will remain active until [PUBLISH_DOWN] GMT.</span></p>\r\n<p><span style=\"line-height: 1.3em;\">We\'d like to remind you that you have registered on our site using the username [USERNAME] and email address [USEREMAIL].</span></p>\r\n<p>You can <a href=\"[MYSUBSURL]\">review the status of all your subscriptions</a> any time on our site.</p>\r\n</div>\r\n<p style=\"font-size: x-small; color: #667;\">You are receiving this automatic email message because you have a subscription at <em>[SITENAME]</em>. Do not reply to this email, it\'s sent from an unmonitored email address.</p>\r\n</div>', '*', 1, 8, '2013-01-23 00:00:00', 42, '0000-00-00 00:00:00', 0, '0000-00-00 00:00:00', 0),
	(9, 'subscriptionemails_generic', 0, 'Your [LEVEL] subscription at [SITENAME] has been updated', '<div style=\"background-color: #e0e0e0; padding: 10px 20px;\">\r\n<div style=\"background-color: #f9f9f9; border-radius: 10px; padding: 5px 10px;\">\r\n<p>Hello [FIRSTNAME],</p>\r\n<p>Your <span style=\"line-height: 1.3em;\">[LEVEL] </span><span style=\"line-height: 1.3em;\">subscription on our site has been modified. Its new details are:</span></p>\r\n<table width=\"100%\" border=\"0\" cellspacing=\"2\" cellpadding=\"2\">\r\n<tbody>\r\n<tr>\r\n<td width=\"25%\"><strong>Username</strong></td>\r\n<td>[USERNAME] </td>\r\n</tr>\r\n<tr>\r\n<td><strong>Subscription type</strong></td>\r\n<td>[LEVEL] </td>\r\n</tr>\r\n<tr>\r\n<td><strong>Subscription status</strong></td>\r\n<td>[ENABLED] </td>\r\n</tr>\r\n<tr>\r\n<td><strong>Payment status</strong></td>\r\n<td>[PAYSTATE] </td>\r\n</tr>\r\n<tr>\r\n<td><strong>Valid From</strong></td>\r\n<td>[PUBLISH_UP] GMT</td>\r\n</tr>\r\n<tr>\r\n<td><strong>Valid To</strong></td>\r\n<td>[PUBLISH_DOWN] GMT </td>\r\n</tr>\r\n</tbody>\r\n</table>\r\n<p><span style=\"line-height: 1.3em;\"><span style=\"line-height: 1.3em;\">You can </span><a href=\"[MYSUBSURL]\" style=\"line-height: 1.3em;\">review the status of all your subscriptions</a><span style=\"line-height: 1.3em;\"> any time on our site.</span></span></p>\r\n</div>\r\n<p style=\"font-size: x-small; color: #667;\">You are receiving this automatic email message because you have a subscription at <em>[SITENAME]</em>. Do not reply to this email, it\'s sent from an unmonitored email address.</p>\r\n</div>', '*', 1, 9, '2013-01-23 00:00:00', 42, '0000-00-00 00:00:00', 0, '0000-00-00 00:00:00', 0),
	(10, 'asexpirationnotify_first', 0, 'Your [LEVEL] subscription on [SITENAME] will expire soon', '<div style=\"background-color: #e0e0e0; padding: 10px 20px;\">\r\n<div style=\"background-color: #f9f9f9; border-radius: 10px; padding: 5px 10px;\">\r\n<p>Hello [FIRSTNAME],</p>\r\n<p>Your [LEVEL] subscription with the following details is going to expire soon:</p>\r\n<table width=\"100%\" border=\"0\" cellspacing=\"2\" cellpadding=\"2\">\r\n<tbody>\r\n<tr>\r\n<td width=\"25%\"><strong>Username</strong></td>\r\n<td>[USERNAME] </td>\r\n</tr>\r\n<tr>\r\n<td><strong>Subscription type</strong></td>\r\n<td>[LEVEL] </td>\r\n</tr>\r\n<tr>\r\n<td><strong>Subscription status</strong></td>\r\n<td>[ENABLED] </td>\r\n</tr>\r\n<tr>\r\n<td><strong>Payment status</strong></td>\r\n<td>[PAYSTATE] </td>\r\n</tr>\r\n<tr>\r\n<td><strong>Valid From</strong></td>\r\n<td>[PUBLISH_UP] GMT</td>\r\n</tr>\r\n<tr>\r\n<td><strong>Valid To</strong></td>\r\n<td>[PUBLISH_DOWN] GMT </td>\r\n</tr>\r\n</tbody>\r\n</table>\r\n<p><span style=\"line-height: 1.3em;\"><span style=\"line-height: 1.3em;\"><span style=\"line-height: 1.3em;\">You can login any time on our site to </span><a href=\"[MYSUBSURL]\" style=\"line-height: 1.3em;\">review the status of all your subscriptions</a><span style=\"line-height: 1.3em;\"> and renew your expiring one.</span></span></span></p>\r\n<p><span style=\"line-height: 1.3em;\">We\'d like to remind you that you have registered on our site using the username [USERNAME] and email address [USEREMAIL].</span></p>\r\n</div>\r\n<p style=\"font-size: x-small; color: #667;\">You are receiving this automatic email message because you have a subscription in <em>[SITENAME]</em>. <span style=\"line-height: 1.3em;\">Do not reply to this email, it\'s sent from an unmonitored email address.</span></p>\r\n</div>', '*', 1, 10, '2013-01-23 00:00:00', 42, '0000-00-00 00:00:00', 0, '0000-00-00 00:00:00', 0),
	(11, 'asexpirationnotify_second', 0, 'Your [LEVEL] subscription on [SITENAME] is about to expire', '<div style=\"background-color: #e0e0e0; padding: 10px 20px;\">\r\n<div style=\"background-color: #f9f9f9; border-radius: 10px; padding: 5px 10px;\">\r\n<p>Hello [FIRSTNAME],</p>\r\n<p>Your [LEVEL] subscription with the following details is going to expire very soon:</p>\r\n<table width=\"100%\" border=\"0\" cellspacing=\"2\" cellpadding=\"2\">\r\n<tbody>\r\n<tr>\r\n<td width=\"25%\"><strong>Username</strong></td>\r\n<td>[USERNAME] </td>\r\n</tr>\r\n<tr>\r\n<td><strong>Subscription type</strong></td>\r\n<td>[LEVEL] </td>\r\n</tr>\r\n<tr>\r\n<td><strong>Subscription status</strong></td>\r\n<td>[ENABLED] </td>\r\n</tr>\r\n<tr>\r\n<td><strong>Payment status</strong></td>\r\n<td>[PAYSTATE] </td>\r\n</tr>\r\n<tr>\r\n<td><strong>Valid From</strong></td>\r\n<td>[PUBLISH_UP] GMT</td>\r\n</tr>\r\n<tr>\r\n<td><strong>Valid To</strong></td>\r\n<td>[PUBLISH_DOWN] GMT </td>\r\n</tr>\r\n</tbody>\r\n</table>\r\n<p><span style=\"line-height: 1.3em;\"><span style=\"line-height: 1.3em;\"><span style=\"line-height: 1.3em;\">You can login any time on our site to </span><a href=\"[MYSUBSURL]\" style=\"line-height: 1.3em;\">review the status of all your subscriptions</a><span style=\"line-height: 1.3em;\"> and renew your expiring one.</span></span></span></p>\r\n<p> </p>\r\n<p><span style=\"line-height: 1.3em;\">We\'d like to remind you that you have registered on our site using the username [USERNAME] and email address [USEREMAIL].</span></p>\r\n</div>\r\n<p style=\"font-size: x-small; color: #667;\">You are receiving this automatic email message because you have a subscription in <em>[SITENAME]</em>. <span style=\"line-height: 1.3em;\">Do not reply to this email, it\'s sent from an unmonitored email address.</span></p>\r\n</div>', '*', 1, 11, '2013-01-23 00:00:00', 42, '0000-00-00 00:00:00', 0, '0000-00-00 00:00:00', 0),
	(12, 'asexpirationnotify_after', 0, 'Your expired subscription on [SITENAME]', '<div style=\"background-color: #e0e0e0; padding: 10px 20px;\">\r\n<div style=\"background-color: #f9f9f9; border-radius: 10px; padding: 5px 10px;\">\r\n<p>Hello [FIRSTNAME],</p>\r\n<p>We are contacting you to remind you that your subscription on [SITENAME] with the following details has already expired:</p>\r\n<table width=\"100%\" border=\"0\" cellspacing=\"2\" cellpadding=\"2\">\r\n<tbody>\r\n<tr>\r\n<td width=\"25%\"><strong>Username</strong></td>\r\n<td>[USERNAME] </td>\r\n</tr>\r\n<tr>\r\n<td><strong>Subscription type</strong></td>\r\n<td>[LEVEL] </td>\r\n</tr>\r\n<tr>\r\n<td><strong>Subscription status</strong></td>\r\n<td>[ENABLED] </td>\r\n</tr>\r\n<tr>\r\n<td><strong>Payment status</strong></td>\r\n<td>[PAYSTATE] </td>\r\n</tr>\r\n<tr>\r\n<td><strong>Valid From</strong></td>\r\n<td>[PUBLISH_UP] GMT</td>\r\n</tr>\r\n<tr>\r\n<td><strong>Valid To</strong></td>\r\n<td>[PUBLISH_DOWN] GMT </td>\r\n</tr>\r\n</tbody>\r\n</table>\r\n<p><span><span><span>You can login any time on our site and renew your expired subscription. Renewing your subscription is very easy! You just have to go to the</span></span></span><span style=\"line-height: 1.3em;\"> </span><a href=\"[MYSUBSURL]\" style=\"line-height: 1.3em;\">subscriptions overview</a><span style=\"line-height: 1.3em;\"> page</span><span style=\"line-height: 1.3em;\"> and click on the Renew link.</span></p>\r\n<p><span style=\"line-height: 1.3em;\">We\'d like to remind you that you have registered on our site using the username [USERNAME] and email address [USEREMAIL].</span></p>\r\n</div>\r\n<p style=\"font-size: x-small; color: #667;\">You are receiving this automatic email message because you have a subscription in <em>[SITENAME]</em>. <span style=\"line-height: 1.3em;\">Do not reply to this email, it\'s sent from an unmonitored email address.</span></p>\r\n</div>', '*', 1, 12, '2013-01-23 00:00:00', 42, '0000-00-00 00:00:00', 0, '0000-00-00 00:00:00', 0)
;
            ]]></query>
        </action>

        <action table="#__akeebasubs_levels" canfail="1">
            <condition type="missing" value="akeebasubs_levelgroup_id" />
            <query><![CDATA[
ALTER TABLE `#__akeebasubs_levels` ADD COLUMN `akeebasubs_levelgroup_id` BIGINT(20) UNSIGNED NULL AFTER `recurring`;
            ]]></query>
        </action>

        <action table="#__akeebasubs_levels" canfail="1">
            <condition type="true" />
            <query><![CDATA[
ALTER TABLE `#__akeebasubs_levels` MODIFY COLUMN `image` VARCHAR(1024) NOT NULL;
            ]]></query>
        </action>

        <action table="#__akeebasubs_upgrades" canfail="1">
            <condition type="missing" value="combine" />
            <query><![CDATA[
ALTER TABLE `#__akeebasubs_upgrades` ADD COLUMN `combine` tinyint(1) NOT NULL DEFAULT '0' AFTER `value`;
            ]]></query>
        </action>

        <action table="#__akeebasubs_levels" canfail="1">
            <condition type="missing" value="params" />
            <query><![CDATA[
ALTER TABLE `#__akeebasubs_levels` ADD COLUMN `params` TEXT AFTER `akeebasubs_levelgroup_id`
            ]]></query>
        </action>

        <action table="#__akeebasubs_levels" canfail="1">
            <condition type="missing" value="forever" />
            <query><![CDATA[
ALTER TABLE `#__akeebasubs_levels` ADD COLUMN `forever` TINYINT(3) NOT NULL DEFAULT 0 AFTER `recurring`;
            ]]></query>
        </action>

        <action table="#__akeebasubs_levels" canfail="1">
            <condition type="missing" value="notifyafter" />
            <query><![CDATA[
ALTER TABLE `#__akeebasubs_levels` ADD COLUMN `notifyafter` int(10) unsigned NOT NULL DEFAULT '0' AFTER `notify2`;
            ]]></query>
        </action>

        <action table="#__akeebasubs_subscriptions" canfail="1">
            <condition type="missing" value="after_contact" />
            <query><![CDATA[
ALTER TABLE `#__akeebasubs_subscriptions` ADD COLUMN `after_contact` datetime NOT NULL DEFAULT '0000-00-00 00:00:00' AFTER `second_contact`;
            ]]></query>
        </action>

        <action table="#__akeebasubs_levels" canfail="1">
            <condition type="missing" value="fixed_date" />
            <query><![CDATA[
ALTER TABLE `#__akeebasubs_levels` ADD COLUMN `fixed_date` DATETIME NULL AFTER `akeebasubs_levelgroup_id`;
            ]]></query>
        </action>

        <action table="#__akeebasubs_invoices" canfail="1">
            <condition type="missing" value="extension" />
            <query><![CDATA[
ALTER TABLE `#__akeebasubs_invoices` ADD COLUMN
	`extension` VARCHAR(50) NOT NULL DEFAULT "misc" AFTER `akeebasubs_subscription_id`;
            ]]></query>
        </action>

        <action table="#__akeebasubs_invoices" canfail="1">
            <condition type="missing" value="display_number" />
            <query><![CDATA[
ALTER TABLE `#__akeebasubs_invoices` ADD COLUMN
	`display_number` VARCHAR(255) NULL AFTER `invoice_no`;
            ]]></query>
        </action>

        <action table="#__akeebasubs_invoices" canfail="1">
            <condition type="missing" value="sent_on" />
            <query><![CDATA[
ALTER TABLE `#__akeebasubs_invoices` ADD COLUMN
	`sent_on` DATETIME NULL AFTER `btxt`;
            ]]></query>
        </action>

        <action table="#__akeebasubs_invoices" canfail="1">
            <condition type="missing" value="filename" />
            <query><![CDATA[
ALTER TABLE `#__akeebasubs_invoices` ADD COLUMN
	`filename` VARCHAR(255) NULL AFTER `btxt`;
            ]]></query>
        </action>

        <action table="#__akeebasubs_invoicetemplates" canfail="1">
            <condition type="missing" value="isbusiness" />
            <query><![CDATA[
ALTER TABLE `#__akeebasubs_invoicetemplates`
	ADD COLUMN `isbusiness` TINYINT(3) NOT NULL DEFAULT -1 AFTER `levels`,
	ADD COLUMN `country` VARCHAR(3) NOT NULL DEFAULT '' AFTER `levels`,
	ADD COLUMN `number_reset` BIGINT(20) NOT NULL DEFAULT 0 AFTER `levels`;
            ]]></query>
        </action>

        <action table="#__akeebasubs_invoicetemplates" canfail="1">
            <condition type="missing" value="globalnumbering" />
            <query><![CDATA[
ALTER TABLE `#__akeebasubs_invoicetemplates`
	ADD COLUMN `globalnumbering` TINYINT(3) NOT NULL DEFAULT 1 AFTER `levels`,
	ADD COLUMN `globalformat` TINYINT(3) NOT NULL DEFAULT 1 AFTER `levels`,
	ADD COLUMN `format` VARCHAR(100) NOT NULL DEFAULT '' AFTER `country`;
            ]]></query>
        </action>

        <action table="#__akeebasubs_invoices" canfail="1">
            <condition type="missing" value="akeebasubs_invoicetemplate_id" />
            <query><![CDATA[
ALTER TABLE `#__akeebasubs_invoices`
	ADD COLUMN `akeebasubs_invoicetemplate_id` BIGINT(20) NOT NULL DEFAULT 0 AFTER `extension`;
            ]]></query>
        </action>

        <action table="#__akeebasubs_levels" canfail="1">
            <condition type="missing" value="payment_plugins" />
            <query><![CDATA[
ALTER TABLE `#__akeebasubs_levels` ADD COLUMN `payment_plugins` VARCHAR(2096) NOT NULL DEFAULT '' AFTER `fixed_date`;
            ]]></query>
        </action>

        <action table="#__akeebasubs_levels" canfail="1">
            <condition type="missing" value="signupfee" />
            <query><![CDATA[
ALTER TABLE `#__akeebasubs_levels` ADD COLUMN `signupfee` FLOAT NULL DEFAULT '0' AFTER `price`;
            ]]></query>
        </action>

        <action table="#__akeebasubs_subscriptions" canfail="1">
            <condition type="missing" value="recurring_amount" />
            <query><![CDATA[
ALTER TABLE `#__akeebasubs_subscriptions` ADD COLUMN `recurring_amount` FLOAT NULL DEFAULT '0' AFTER `gross_amount`;
            ]]></query>
        </action>

        <action table="#__akeebasubs_taxrules" canfail="1">
            <condition type="missing" value="akeebasubs_level_id" />
            <query><![CDATA[
ALTER TABLE `#__akeebasubs_taxrules` ADD COLUMN `akeebasubs_level_id` BIGINT(20) NOT NULL DEFAULT '0' AFTER `taxrate`;
            ]]></query>
        </action>

        <action table="#__akeebasubs_invoicetemplates" canfail="1">
            <condition type="missing" value="noinvoice" />
            <query><![CDATA[
ALTER TABLE `#__akeebasubs_invoicetemplates` ADD COLUMN `noinvoice` TINYINT NOT NULL DEFAULT '0' AFTER `ordering`;
            ]]></query>
        </action>

        <action table="#__akeebasubs_levels" canfail="1">
            <condition type="missing" value="access" />
            <query><![CDATA[
ALTER TABLE `#__akeebasubs_levels` ADD COLUMN `access` int(11) NOT NULL DEFAULT '1' AFTER `akeebasubs_levelgroup_id`;
            ]]></query>
        </action>

        <action table="#__akeebasubs_levels" canfail="1">
            <condition type="missing" value="renew_url" />
            <query><![CDATA[
ALTER TABLE `#__akeebasubs_levels` ADD COLUMN `renew_url` VARCHAR(2048) NULL DEFAULT '' AFTER `payment_plugins`;
            ]]></query>
        </action>

        <action table="#__akeebasubs_levels" canfail="1">
            <condition type="missing" value="content_url" />
            <query><![CDATA[
ALTER TABLE `#__akeebasubs_levels` ADD COLUMN `content_url` VARCHAR(2048) NULL DEFAULT '' AFTER `renew_url`;
            ]]></query>
        </action>

        <action table="#__akeebasubs_coupons" canfail="1">
            <condition type="missing" value="akeebasubs_apicoupon_id" />
            <query><![CDATA[
ALTER TABLE `#__akeebasubs_coupons` ADD COLUMN `akeebasubs_apicoupon_id` INT NOT NULL AFTER `akeebasubs_coupon_id`;
            ]]></query>
        </action>

        <action table="#__akeebasubs_levels" canfail="1">
            <condition type="missing" value="orderurl" />
            <query><![CDATA[
ALTER TABLE `#__akeebasubs_levels` ADD COLUMN `orderurl` VARCHAR( 255 ) NULL AFTER `ordertext` ;
            ]]></query>
        </action>

        <action table="#__akeebasubs_levels" canfail="1">
            <condition type="missing" value="cancelurl" />
            <query><![CDATA[
ALTER TABLE `#__akeebasubs_levels` ADD COLUMN `cancelurl` VARCHAR( 255 ) NULL AFTER `canceltext` ;
            ]]></query>
        </action>

        <action table="#__akeebasubs_coupons" canfail="1">
            <condition type="missing" value="email" />
            <query><![CDATA[
ALTER TABLE `#__akeebasubs_coupons` ADD COLUMN `email` VARCHAR( 255 ) NULL AFTER `user`;
            ]]></query>
        </action>

        <action table="#__akeebasubs_users" canfail="1">
            <condition type="missing" value="needs_logout" />
            <query><![CDATA[
ALTER TABLE `#__akeebasubs_users` ADD COLUMN `needs_logout` TINYINT NOT NULL DEFAULT '0';
            ]]></query>
        </action>

        <action table="#__akeebasubs_upgrades" canfail="1">
            <condition type="true"/>
            <query><![CDATA[
ALTER TABLE `#__akeebasubs_upgrades` CHANGE `type` `type` ENUM('value','percent', 'lastpercent') NOT NULL DEFAULT 'value' ;
        ]]></query>
        </action>

        <action table="#__akeebasubs_subscriptions" canfail="1">
            <condition type="missing" value="ip_country" />
            <query><![CDATA[
ALTER TABLE `#__akeebasubs_subscriptions` ADD COLUMN `ip` VARCHAR(255) AFTER `params`;
            ]]></query>
            <query><![CDATA[
ALTER TABLE `#__akeebasubs_subscriptions` ADD COLUMN `ip_country` VARCHAR(255) AFTER `ip`;
            ]]></query>
        </action>

        <action table="#__akeebasubs_upgrades" canfail="1">
            <condition type="missing" value="expired" />
            <query><![CDATA[
ALTER TABLE `#__akeebasubs_upgrades` ADD COLUMN `expired` tinyint(1) NOT NULL DEFAULT '0' AFTER `combine`;
            ]]></query>
        </action>

        <action table="#__akeebasubs_emailtemplates" canfail="1">
            <condition type="missing" value="modified_by" />
            <query><![CDATA[
ALTER TABLE `#__akeebasubs_upgrades` DROP COLUMN `modifed_by`;
            ]]></query>
            <query><![CDATA[
ALTER TABLE `#__akeebasubs_upgrades` ADD COLUMN `modified_by` int(11) NOT NULL DEFAULT 0;
            ]]></query>
        </action>

        <action table="#__akeebasubs_countrycurrencies" canfail="0">
				<condition type="missing" value="" />
				<query><![CDATA[
CREATE TABLE `#__akeebasubs_countrycurrencies` (
  `country` char(2) NOT NULL DEFAULT '',
  `currency` char(3) NOT NULL DEFAULT 'EUR',
  `name` varchar(255) DEFAULT 'Euro',
  `symbol` varchar(10) DEFAULT '€',
  PRIMARY KEY (`country`)
) DEFAULT COLLATE utf8_general_ci;
				]]></query>
				<query><![CDATA[
INSERT INTO `#__akeebasubs_countrycurrencies` (`country`, `currency`, `name`, `symbol`)
VALUES
	('AU', 'AUD', 'Australian dollar', 'A$'),
	('BG', 'BGN', 'Lev', 'лв.'),
	('BR', 'BRL', 'Real', 'R$'),
	('CA', 'CAD', 'Canadian dollar', 'C$'),
	('CH', 'CHF', 'Swiss franc', 'CHF'),
	('CN', 'CNY', 'Yuan renminbi', '¥'),
	('CZ', 'CZK', 'Koruna', 'Kč'),
	('DK', 'DKK', 'Krone', 'kr'),
	('IE', 'EUR', 'Euro', '€'),
	('IT', 'EUR', 'Euro', '€'),
	('SK', 'EUR', 'Euro', '€'),
	('LT', 'EUR', 'Euro', '€'),
	('LU', 'EUR', 'Euro', '€'),
	('LV', 'EUR', 'Euro', '€'),
	('MC', 'EUR', 'Euro', '€'),
	('NL', 'EUR', 'Euro', '€'),
	('PT', 'EUR', 'Euro', '€'),
	('VA', 'EUR', 'Euro', '€'),
	('SI', 'EUR', 'Euro', '€'),
	('SM', 'EUR', 'Euro', '€'),
	('MT', 'EUR', 'Euro', '€'),
	('DE', 'EUR', 'Euro', '€'),
	('CY', 'EUR', 'Euro', '€'),
	('BE', 'EUR', 'Euro', '€'),
	('AT', 'EUR', 'Euro', '€'),
	('AD', 'EUR', 'Euro', '€'),
	('EE', 'EUR', 'Euro', '€'),
	('ES', 'EUR', 'Euro', '€'),
	('FI', 'EUR', 'Euro', '€'),
	('FR', 'EUR', 'Euro', '€'),
	('GR', 'EUR', 'Euro', '€'),
	('GB', 'GBP', 'Pound sterling', '£'),
	('HK', 'HKD', 'Hong Kong dollar', 'HK$'),
	('HR', 'HRK', 'Kuna', 'kn'),
	('HU', 'HUF', 'Forint', 'Ft'),
	('ID', 'IDR', 'Rupiah', 'Rp'),
	('IL', 'ILS', 'Shekel', '₪'),
	('IN', 'INR', 'Rupee', '₹'),
	('JP', 'JPY', 'Yen', '¥'),
	('KR', 'KRW', 'Won', '₩'),
	('MX', 'MXN', 'Peso', 'MX$'),
	('MY', 'MYR', 'Ringgit', 'RM'),
	('NO', 'NOK', 'Krone', 'kr'),
	('NZ', 'NZD', 'New Zealand dollar', 'NZ$'),
	('PH', 'PHP', 'Peso', '₱'),
	('PL', 'PLN', 'Zloty', 'zł'),
	('RO', 'RON', 'Leu', 'lei'),
	('RU', 'RUB', 'Rouble', 'руб'),
	('SE', 'SEK', 'Krona', 'kr'),
	('SG', 'SGD', 'Singapore dollar', 'SG$'),
	('TH', 'THB', 'Baht', '฿'),
	('TR', 'TRY', 'Lira', '₺'),
	('US', 'USD', 'US dollar', '$'),
	('ZA', 'ZAR', 'Rand', 'R');
				]]></query>
			</action>

        <action table="#__akeebasubs_forexrates" canfail="0">
				<condition type="missing" value="" />
				<query><![CDATA[
CREATE TABLE `#__akeebasubs_forexrates` (
  `akeebasubs_forexrate_id` char(3) NOT NULL DEFAULT '',
  `rate` double NOT NULL DEFAULT '1',
  PRIMARY KEY (`akeebasubs_forexrate_id`)
) DEFAULT COLLATE utf8_general_ci;
					]]></query>
			</action>

        <action table="#__akeebasubs_subscriptions" canfail="0">
				<condition type="missing" value="net_amount_alt" />
				<query><![CDATA[
ALTER TABLE `#__akeebasubs_subscriptions` ADD COLUMN `net_amount_alt` FLOAT NOT NULL;
				]]></query>
				<query><![CDATA[
ALTER TABLE `#__akeebasubs_subscriptions` ADD COLUMN `tax_amount_alt` FLOAT NOT NULL;
				]]></query>
				<query><![CDATA[
ALTER TABLE `#__akeebasubs_subscriptions` ADD COLUMN `gross_amount_alt` FLOAT NOT NULL;
				]]></query>
				<query><![CDATA[
ALTER TABLE `#__akeebasubs_subscriptions` ADD COLUMN `prediscount_amount_alt` FLOAT NOT NULL;
				]]></query>
				<query><![CDATA[
ALTER TABLE `#__akeebasubs_subscriptions` ADD COLUMN `discount_amount_alt` FLOAT NOT NULL;
				]]></query>
				<query><![CDATA[
ALTER TABLE `#__akeebasubs_subscriptions` ADD COLUMN `affiliate_comission_alt` FLOAT NOT NULL;
				]]></query>
			</action>

        <action table="__akeebasubs_emailtemplates" canfail="1">
            <condition type="equals" operator="not" value="1"><![CDATA[
SELECT COUNT(*) FROM `#__akeebasubs_emailtemplates` WHERE `key` = 'reseller_emailerr';
            ]]></condition>
            <query><![CDATA[
INSERT INTO `#__akeebasubs_emailtemplates` (`akeebasubs_emailtemplate_id`, `key`, `subscription_level_id`, `subject`, `body`, `language`, `enabled`)
VALUES
	(NULL, 'reseller_emailerr', 0, 'Error fetching the coupon for the subscription [SUB:ID]', '<div style=\"background-color: #e0e0e0; padding: 10px 20px;\">\r\n<div style=\"background-color: #f9f9f9; border-radius: 10px; padding: 5px 10px;\">\r\n<p>Hello,</p>\r\n<p>an error occurred while trying to fetch the coupon for the subscription with ID [SUB:ID]. This is the error received:<span style=\"line-height: 1.3em;\"></span></p>\r\n<p>[RESELLER_ERROR]</p>\r\n<p>Here you can find all the details of the involved subscription:</p>\r\n<table style=\"width: 100%;\" border=\"0\" cellspacing=\"2\" cellpadding=\"2\">\r\n<tbody>\r\n<tr>\r\n<td width=\"25%\"><strong>Username</strong></td>\r\n<td>[USERNAME]</td>\r\n</tr>\r\n<tr>\r\n<td><strong>Subscription type</strong></td>\r\n<td>[LEVEL]</td>\r\n</tr>\r\n<tr>\r\n<td><strong>Subscription status</strong></td>\r\n<td>[ENABLED]</td>\r\n</tr>\r\n<tr>\r\n<td><strong>Payment status</strong></td>\r\n<td>[PAYSTATE]</td>\r\n</tr>\r\n<tr>\r\n<td><strong>Valid From</strong></td>\r\n<td>[PUBLISH_UP] GMT</td>\r\n</tr>\r\n<tr>\r\n<td><strong>Valid To</strong></td>\r\n<td>[PUBLISH_DOWN] GMT</td>\r\n</tr>\r\n</tbody>\r\n</table>\r\n<p><span style=\"line-height: 1.3em;\">You are receiving this email since you are a Super Administrator of your site or your email address was listed to be contacted in case of error.</span></p>\r\n</div>\r\n<p style=\"font-size: x-small; color: #667;\">Do not reply to this email, it\'s sent from an unmonitored email address.</p>\r\n</div>', '*', 1);
            ]]></query>
        </action>

        <!-- Convert to UTF8MB4 -->
        <action table="#__akeebasubs_levels" canfail="0">
            <condition type="utf8mb4upgrade" />
            <query><![CDATA[
ALTER TABLE `#__akeebasubs_levels` DROP KEY `slug`;
            ]]></query>
            <query><![CDATA[
ALTER TABLE `#__akeebasubs_levels` ADD UNIQUE KEY `slug` (`slug`(100));
            ]]></query>
        </action>

        <action table="#__akeebasubs_coupons" canfail="0">
            <condition type="utf8mb4upgrade" />
            <query><![CDATA[
ALTER TABLE `#__akeebasubs_coupons` DROP KEY `coupon`;
            ]]></query>
            <query><![CDATA[
ALTER TABLE `#__akeebasubs_coupons` ADD UNIQUE KEY `coupon` (`coupon`(100));
            ]]></query>
        </action>
    </sql>
</schema>